WOJ,WOJEWÓDZTWO,IMIĘ_DRUGIE,PŁEĆ,LICZBA_WYSTĄPIEŃ
02,DOLNOŚLĄSKIE,MARIA,KOBIETA,605
02,DOLNOŚLĄSKIE,ANNA,KOBIETA,420
02,DOLNOŚLĄSKIE,ZOFIA,KOBIETA,194
02,DOLNOŚLĄSKIE,MAGDALENA,KOBIETA,148
02,DOLNOŚLĄSKIE,JULIA,KOBIETA,132
02,DOLNOŚLĄSKIE,ALEKSANDRA,KOBIETA,126
02,DOLNOŚLĄSKIE,KATARZYNA,KOBIETA,125
02,DOLNOŚLĄSKIE,HELENA,KOBIETA,123
02,DOLNOŚLĄSKIE,EWA,KOBIETA,120
02,DOLNOŚLĄSKIE,WIKTORIA,KOBIETA,117
02,DOLNOŚLĄSKIE,ALICJA,KOBIETA,114
02,DOLNOŚLĄSKIE,JOANNA,KOBIETA,106
02,DOLNOŚLĄSKIE,MAŁGORZATA,KOBIETA,104
02,DOLNOŚLĄSKIE,BARBARA,KOBIETA,98
02,DOLNOŚLĄSKIE,NATALIA,KOBIETA,97
02,DOLNOŚLĄSKIE,ELŻBIETA,KOBIETA,91
02,DOLNOŚLĄSKIE,ZUZANNA,KOBIETA,87
02,DOLNOŚLĄSKIE,ŁUCJA,KOBIETA,80
02,DOLNOŚLĄSKIE,LAURA,KOBIETA,76
02,DOLNOŚLĄSKIE,WERONIKA,KOBIETA,74
02,DOLNOŚLĄSKIE,AGNIESZKA,KOBIETA,72
02,DOLNOŚLĄSKIE,KRYSTYNA,KOBIETA,72
02,DOLNOŚLĄSKIE,JANINA,KOBIETA,69
02,DOLNOŚLĄSKIE,TERESA,KOBIETA,68
02,DOLNOŚLĄSKIE,MAJA,KOBIETA,66
02,DOLNOŚLĄSKIE,OLIWIA,KOBIETA,65
02,DOLNOŚLĄSKIE,ANTONINA,KOBIETA,62
02,DOLNOŚLĄSKIE,EMILIA,KOBIETA,62
02,DOLNOŚLĄSKIE,HANNA,KOBIETA,62
02,DOLNOŚLĄSKIE,ANASTAZJA,KOBIETA,60
02,DOLNOŚLĄSKIE,MARTA,KOBIETA,55
02,DOLNOŚLĄSKIE,JADWIGA,KOBIETA,53
02,DOLNOŚLĄSKIE,KAROLINA,KOBIETA,53
02,DOLNOŚLĄSKIE,MICHALINA,KOBIETA,53
02,DOLNOŚLĄSKIE,MONIKA,KOBIETA,53
02,DOLNOŚLĄSKIE,AMELIA,KOBIETA,52
02,DOLNOŚLĄSKIE,ANIELA,KOBIETA,52
02,DOLNOŚLĄSKIE,MARIANNA,KOBIETA,49
02,DOLNOŚLĄSKIE,KLARA,KOBIETA,48
02,DOLNOŚLĄSKIE,PAULINA,KOBIETA,48
02,DOLNOŚLĄSKIE,DANUTA,KOBIETA,47
02,DOLNOŚLĄSKIE,RÓŻA,KOBIETA,46
02,DOLNOŚLĄSKIE,DOROTA,KOBIETA,43
02,DOLNOŚLĄSKIE,JAGODA,KOBIETA,42
02,DOLNOŚLĄSKIE,PATRYCJA,KOBIETA,40
02,DOLNOŚLĄSKIE,JOLANTA,KOBIETA,39
02,DOLNOŚLĄSKIE,KAMILA,KOBIETA,38
02,DOLNOŚLĄSKIE,GABRIELA,KOBIETA,37
02,DOLNOŚLĄSKIE,KORNELIA,KOBIETA,37
02,DOLNOŚLĄSKIE,STANISŁAWA,KOBIETA,37
02,DOLNOŚLĄSKIE,URSZULA,KOBIETA,37
02,DOLNOŚLĄSKIE,BEATA,KOBIETA,34
02,DOLNOŚLĄSKIE,IZABELA,KOBIETA,34
02,DOLNOŚLĄSKIE,LENA,KOBIETA,34
02,DOLNOŚLĄSKIE,IRENA,KOBIETA,33
02,DOLNOŚLĄSKIE,AGATA,KOBIETA,32
02,DOLNOŚLĄSKIE,MARTYNA,KOBIETA,29
02,DOLNOŚLĄSKIE,RITA,KOBIETA,29
02,DOLNOŚLĄSKIE,WANDA,KOBIETA,27
02,DOLNOŚLĄSKIE,BOŻENA,KOBIETA,26
02,DOLNOŚLĄSKIE,KINGA,KOBIETA,26
02,DOLNOŚLĄSKIE,KLAUDIA,KOBIETA,26
02,DOLNOŚLĄSKIE,LILIANA,KOBIETA,26
02,DOLNOŚLĄSKIE,RENATA,KOBIETA,26
02,DOLNOŚLĄSKIE,STEFANIA,KOBIETA,25
02,DOLNOŚLĄSKIE,MARCELINA,KOBIETA,24
02,DOLNOŚLĄSKIE,POLA,KOBIETA,24
02,DOLNOŚLĄSKIE,SYLWIA,KOBIETA,24
02,DOLNOŚLĄSKIE,HALINA,KOBIETA,23
02,DOLNOŚLĄSKIE,IWONA,KOBIETA,23
02,DOLNOŚLĄSKIE,JUSTYNA,KOBIETA,22
02,DOLNOŚLĄSKIE,DOMINIKA,KOBIETA,21
02,DOLNOŚLĄSKIE,NIKOLA,KOBIETA,21
02,DOLNOŚLĄSKIE,FAUSTYNA,KOBIETA,20
02,DOLNOŚLĄSKIE,LILIANNA,KOBIETA,20
02,DOLNOŚLĄSKIE,EWELINA,KOBIETA,19
02,DOLNOŚLĄSKIE,LIDIA,KOBIETA,19
02,DOLNOŚLĄSKIE,ROZALIA,KOBIETA,19
02,DOLNOŚLĄSKIE,IDA,KOBIETA,18
02,DOLNOŚLĄSKIE,IGA,KOBIETA,18
02,DOLNOŚLĄSKIE,BLANKA,KOBIETA,17
02,DOLNOŚLĄSKIE,FRANCISZKA,KOBIETA,17
02,DOLNOŚLĄSKIE,AURELIA,KOBIETA,16
02,DOLNOŚLĄSKIE,DARIA,KOBIETA,16
02,DOLNOŚLĄSKIE,ELIZA,KOBIETA,16
02,DOLNOŚLĄSKIE,MILENA,KOBIETA,16
02,DOLNOŚLĄSKIE,NINA,KOBIETA,16
02,DOLNOŚLĄSKIE,ANETA,KOBIETA,15
02,DOLNOŚLĄSKIE,ANGELIKA,KOBIETA,15
02,DOLNOŚLĄSKIE,SARA,KOBIETA,15
02,DOLNOŚLĄSKIE,ADRIANNA,KOBIETA,14
02,DOLNOŚLĄSKIE,ALINA,KOBIETA,14
02,DOLNOŚLĄSKIE,MIA,KOBIETA,14
02,DOLNOŚLĄSKIE,NADIA,KOBIETA,14
02,DOLNOŚLĄSKIE,CECYLIA,KOBIETA,13
02,DOLNOŚLĄSKIE,GRAŻYNA,KOBIETA,13
02,DOLNOŚLĄSKIE,MARIOLA,KOBIETA,13
02,DOLNOŚLĄSKIE,OLGA,KOBIETA,13
02,DOLNOŚLĄSKIE,KAJA,KOBIETA,12
02,DOLNOŚLĄSKIE,MARZENA,KOBIETA,12
02,DOLNOŚLĄSKIE,MATYLDA,KOBIETA,12
02,DOLNOŚLĄSKIE,DIANA,KOBIETA,11
02,DOLNOŚLĄSKIE,EDYTA,KOBIETA,11
02,DOLNOŚLĄSKIE,KALINA,KOBIETA,11
02,DOLNOŚLĄSKIE,MALWINA,KOBIETA,11
02,DOLNOŚLĄSKIE,WIOLETTA,KOBIETA,11
02,DOLNOŚLĄSKIE,BOGUMIŁA,KOBIETA,10
02,DOLNOŚLĄSKIE,BOGUSŁAWA,KOBIETA,10
02,DOLNOŚLĄSKIE,JÓZEFA,KOBIETA,10
02,DOLNOŚLĄSKIE,LUCYNA,KOBIETA,10
02,DOLNOŚLĄSKIE,MARLENA,KOBIETA,10
02,DOLNOŚLĄSKIE,ADELA,KOBIETA,9
02,DOLNOŚLĄSKIE,ANITA,KOBIETA,9
02,DOLNOŚLĄSKIE,APOLONIA,KOBIETA,9
02,DOLNOŚLĄSKIE,CZESŁAWA,KOBIETA,9
02,DOLNOŚLĄSKIE,LIWIA,KOBIETA,9
02,DOLNOŚLĄSKIE,BIANKA,KOBIETA,8
02,DOLNOŚLĄSKIE,DANIELA,KOBIETA,8
02,DOLNOŚLĄSKIE,GAJA,KOBIETA,8
02,DOLNOŚLĄSKIE,JÓZEFINA,KOBIETA,8
02,DOLNOŚLĄSKIE,KAZIMIERA,KOBIETA,8
02,DOLNOŚLĄSKIE,LEOKADIA,KOBIETA,8
02,DOLNOŚLĄSKIE,NELA,KOBIETA,8
02,DOLNOŚLĄSKIE,EMMA,KOBIETA,7
02,DOLNOŚLĄSKIE,JULITA,KOBIETA,7
02,DOLNOŚLĄSKIE,OKTAWIA,KOBIETA,7
02,DOLNOŚLĄSKIE,PAULA,KOBIETA,7
02,DOLNOŚLĄSKIE,REGINA,KOBIETA,7
02,DOLNOŚLĄSKIE,SABINA,KOBIETA,7
02,DOLNOŚLĄSKIE,SANDRA,KOBIETA,7
02,DOLNOŚLĄSKIE,FELICJA,KOBIETA,6
02,DOLNOŚLĄSKIE,KONSTANCJA,KOBIETA,6
02,DOLNOŚLĄSKIE,MELANIA,KOBIETA,6
02,DOLNOŚLĄSKIE,MIROSŁAWA,KOBIETA,6
02,DOLNOŚLĄSKIE,SOFIA,KOBIETA,6
02,DOLNOŚLĄSKIE,BRONISŁAWA,KOBIETA,5
02,DOLNOŚLĄSKIE,CELINA,KOBIETA,5
02,DOLNOŚLĄSKIE,GENOWEFA,KOBIETA,5
02,DOLNOŚLĄSKIE,IZABELLA,KOBIETA,5
02,DOLNOŚLĄSKIE,JAŚMINA,KOBIETA,5
02,DOLNOŚLĄSKIE,MAGDA,KOBIETA,5
02,DOLNOŚLĄSKIE,MARIE,KOBIETA,5
02,DOLNOŚLĄSKIE,MARIKA,KOBIETA,5
02,DOLNOŚLĄSKIE,OLIVIA,KOBIETA,5
02,DOLNOŚLĄSKIE,ROKSANA,KOBIETA,5
02,DOLNOŚLĄSKIE,WALENTYNA,KOBIETA,5
02,DOLNOŚLĄSKIE,WIESŁAWA,KOBIETA,5
02,DOLNOŚLĄSKIE,AURORA,KOBIETA,4
02,DOLNOŚLĄSKIE,DAGMARA,KOBIETA,4
02,DOLNOŚLĄSKIE,ELENA,KOBIETA,4
02,DOLNOŚLĄSKIE,ELIZABETH,KOBIETA,4
02,DOLNOŚLĄSKIE,HONORATA,KOBIETA,4
02,DOLNOŚLĄSKIE,ILONA,KOBIETA,4
02,DOLNOŚLĄSKIE,JAGNA,KOBIETA,4
02,DOLNOŚLĄSKIE,JULIANNA,KOBIETA,4
02,DOLNOŚLĄSKIE,LUIZA,KOBIETA,4
02,DOLNOŚLĄSKIE,VIKTORIA,KOBIETA,4
02,DOLNOŚLĄSKIE,WŁADYSŁAWA,KOBIETA,4
02,DOLNOŚLĄSKIE,ŻANETA,KOBIETA,4
02,DOLNOŚLĄSKIE,ADA,KOBIETA,3
02,DOLNOŚLĄSKIE,ELEONORA,KOBIETA,3
02,DOLNOŚLĄSKIE,ELWIRA,KOBIETA,3
02,DOLNOŚLĄSKIE,EULALIA,KOBIETA,3
02,DOLNOŚLĄSKIE,EVA,KOBIETA,3
02,DOLNOŚLĄSKIE,FILOMENA,KOBIETA,3
02,DOLNOŚLĄSKIE,FLORENTYNA,KOBIETA,3
02,DOLNOŚLĄSKIE,HENRYKA,KOBIETA,3
02,DOLNOŚLĄSKIE,INGA,KOBIETA,3
02,DOLNOŚLĄSKIE,LEA,KOBIETA,3
02,DOLNOŚLĄSKIE,LILA,KOBIETA,3
02,DOLNOŚLĄSKIE,LILLA,KOBIETA,3
02,DOLNOŚLĄSKIE,LIVIA,KOBIETA,3
02,DOLNOŚLĄSKIE,LUDWIKA,KOBIETA,3
02,DOLNOŚLĄSKIE,MALINA,KOBIETA,3
02,DOLNOŚLĄSKIE,MARCELA,KOBIETA,3
02,DOLNOŚLĄSKIE,MARCJANNA,KOBIETA,3
02,DOLNOŚLĄSKIE,MIRA,KOBIETA,3
02,DOLNOŚLĄSKIE,NAOMI,KOBIETA,3
02,DOLNOŚLĄSKIE,NEL,KOBIETA,3
02,DOLNOŚLĄSKIE,NICOLA,KOBIETA,3
02,DOLNOŚLĄSKIE,ROMA,KOBIETA,3
02,DOLNOŚLĄSKIE,ROSE,KOBIETA,3
02,DOLNOŚLĄSKIE,VIOLETTA,KOBIETA,3
02,DOLNOŚLĄSKIE,WALERIA,KOBIETA,3
02,DOLNOŚLĄSKIE,WIOLETA,KOBIETA,3
02,DOLNOŚLĄSKIE,ALDONA,KOBIETA,2
02,DOLNOŚLĄSKIE,AMANDA,KOBIETA,2
02,DOLNOŚLĄSKIE,ANDŻELIKA,KOBIETA,2
02,DOLNOŚLĄSKIE,BERNADETA,KOBIETA,2
02,DOLNOŚLĄSKIE,BERNADETTA,KOBIETA,2
02,DOLNOŚLĄSKIE,DOBROSŁAWA,KOBIETA,2
02,DOLNOŚLĄSKIE,DOMICELA,KOBIETA,2
02,DOLNOŚLĄSKIE,ESTERA,KOBIETA,2
02,DOLNOŚLĄSKIE,FLORA,KOBIETA,2
02,DOLNOŚLĄSKIE,GLORIA,KOBIETA,2
02,DOLNOŚLĄSKIE,HALSZKA,KOBIETA,2
02,DOLNOŚLĄSKIE,HIACYNTA,KOBIETA,2
02,DOLNOŚLĄSKIE,JOWITA,KOBIETA,2
02,DOLNOŚLĄSKIE,KLEMENTYNA,KOBIETA,2
02,DOLNOŚLĄSKIE,LAILA,KOBIETA,2
02,DOLNOŚLĄSKIE,LORENA,KOBIETA,2
02,DOLNOŚLĄSKIE,MARIETTA,KOBIETA,2
02,DOLNOŚLĄSKIE,MIRIAM,KOBIETA,2
02,DOLNOŚLĄSKIE,NAWOJKA,KOBIETA,2
02,DOLNOŚLĄSKIE,OLIMPIA,KOBIETA,2
02,DOLNOŚLĄSKIE,OTYLIA,KOBIETA,2
02,DOLNOŚLĄSKIE,ROMANA,KOBIETA,2
02,DOLNOŚLĄSKIE,SONIA,KOBIETA,2
02,DOLNOŚLĄSKIE,VICTORIA,KOBIETA,2
02,DOLNOŚLĄSKIE,ZYTA,KOBIETA,2
02,DOLNOŚLĄSKIE,ŻYWIA,KOBIETA,2
04,KUJAWSKO-POMORSKIE,MARIA,KOBIETA,284
04,KUJAWSKO-POMORSKIE,ANNA,KOBIETA,198
04,KUJAWSKO-POMORSKIE,ZOFIA,KOBIETA,87
04,KUJAWSKO-POMORSKIE,EWA,KOBIETA,71
04,KUJAWSKO-POMORSKIE,MAGDALENA,KOBIETA,59
04,KUJAWSKO-POMORSKIE,HELENA,KOBIETA,53
04,KUJAWSKO-POMORSKIE,KATARZYNA,KOBIETA,51
04,KUJAWSKO-POMORSKIE,WIKTORIA,KOBIETA,51
04,KUJAWSKO-POMORSKIE,BARBARA,KOBIETA,48
04,KUJAWSKO-POMORSKIE,MAŁGORZATA,KOBIETA,45
04,KUJAWSKO-POMORSKIE,ŁUCJA,KOBIETA,44
04,KUJAWSKO-POMORSKIE,KRYSTYNA,KOBIETA,40
04,KUJAWSKO-POMORSKIE,MARTA,KOBIETA,40
04,KUJAWSKO-POMORSKIE,WERONIKA,KOBIETA,39
04,KUJAWSKO-POMORSKIE,ELŻBIETA,KOBIETA,38
04,KUJAWSKO-POMORSKIE,NATALIA,KOBIETA,37
04,KUJAWSKO-POMORSKIE,ZUZANNA,KOBIETA,37
04,KUJAWSKO-POMORSKIE,ALEKSANDRA,KOBIETA,36
04,KUJAWSKO-POMORSKIE,TERESA,KOBIETA,35
04,KUJAWSKO-POMORSKIE,ANTONINA,KOBIETA,33
04,KUJAWSKO-POMORSKIE,JOANNA,KOBIETA,33
04,KUJAWSKO-POMORSKIE,LAURA,KOBIETA,33
04,KUJAWSKO-POMORSKIE,ALICJA,KOBIETA,32
04,KUJAWSKO-POMORSKIE,JULIA,KOBIETA,30
04,KUJAWSKO-POMORSKIE,GABRIELA,KOBIETA,26
04,KUJAWSKO-POMORSKIE,HANNA,KOBIETA,26
04,KUJAWSKO-POMORSKIE,OLIWIA,KOBIETA,26
04,KUJAWSKO-POMORSKIE,IRENA,KOBIETA,25
04,KUJAWSKO-POMORSKIE,JADWIGA,KOBIETA,25
04,KUJAWSKO-POMORSKIE,KLARA,KOBIETA,24
04,KUJAWSKO-POMORSKIE,AGNIESZKA,KOBIETA,23
04,KUJAWSKO-POMORSKIE,MONIKA,KOBIETA,23
04,KUJAWSKO-POMORSKIE,ANASTAZJA,KOBIETA,22
04,KUJAWSKO-POMORSKIE,JANINA,KOBIETA,22
04,KUJAWSKO-POMORSKIE,DANUTA,KOBIETA,20
04,KUJAWSKO-POMORSKIE,KAROLINA,KOBIETA,19
04,KUJAWSKO-POMORSKIE,MARIANNA,KOBIETA,19
04,KUJAWSKO-POMORSKIE,PAULINA,KOBIETA,19
04,KUJAWSKO-POMORSKIE,AGATA,KOBIETA,18
04,KUJAWSKO-POMORSKIE,MICHALINA,KOBIETA,17
04,KUJAWSKO-POMORSKIE,MAJA,KOBIETA,16
04,KUJAWSKO-POMORSKIE,AMELIA,KOBIETA,15
04,KUJAWSKO-POMORSKIE,BEATA,KOBIETA,14
04,KUJAWSKO-POMORSKIE,BOŻENA,KOBIETA,14
04,KUJAWSKO-POMORSKIE,IZABELA,KOBIETA,14
04,KUJAWSKO-POMORSKIE,KINGA,KOBIETA,14
04,KUJAWSKO-POMORSKIE,EMILIA,KOBIETA,13
04,KUJAWSKO-POMORSKIE,JAGODA,KOBIETA,13
04,KUJAWSKO-POMORSKIE,JOLANTA,KOBIETA,13
04,KUJAWSKO-POMORSKIE,LENA,KOBIETA,13
04,KUJAWSKO-POMORSKIE,MARCELINA,KOBIETA,13
04,KUJAWSKO-POMORSKIE,URSZULA,KOBIETA,13
04,KUJAWSKO-POMORSKIE,ANIELA,KOBIETA,12
04,KUJAWSKO-POMORSKIE,LIDIA,KOBIETA,12
04,KUJAWSKO-POMORSKIE,POLA,KOBIETA,12
04,KUJAWSKO-POMORSKIE,DOROTA,KOBIETA,11
04,KUJAWSKO-POMORSKIE,HALINA,KOBIETA,11
04,KUJAWSKO-POMORSKIE,JUSTYNA,KOBIETA,11
04,KUJAWSKO-POMORSKIE,DARIA,KOBIETA,10
04,KUJAWSKO-POMORSKIE,GRAŻYNA,KOBIETA,10
04,KUJAWSKO-POMORSKIE,NADIA,KOBIETA,10
04,KUJAWSKO-POMORSKIE,IWONA,KOBIETA,9
04,KUJAWSKO-POMORSKIE,KLAUDIA,KOBIETA,9
04,KUJAWSKO-POMORSKIE,KORNELIA,KOBIETA,9
04,KUJAWSKO-POMORSKIE,NIKOLA,KOBIETA,9
04,KUJAWSKO-POMORSKIE,RITA,KOBIETA,9
04,KUJAWSKO-POMORSKIE,RÓŻA,KOBIETA,9
04,KUJAWSKO-POMORSKIE,STEFANIA,KOBIETA,9
04,KUJAWSKO-POMORSKIE,WANDA,KOBIETA,9
04,KUJAWSKO-POMORSKIE,BLANKA,KOBIETA,8
04,KUJAWSKO-POMORSKIE,DOMINIKA,KOBIETA,8
04,KUJAWSKO-POMORSKIE,MARTYNA,KOBIETA,8
04,KUJAWSKO-POMORSKIE,MIROSŁAWA,KOBIETA,8
04,KUJAWSKO-POMORSKIE,RENATA,KOBIETA,8
04,KUJAWSKO-POMORSKIE,ROZALIA,KOBIETA,8
04,KUJAWSKO-POMORSKIE,EWELINA,KOBIETA,7
04,KUJAWSKO-POMORSKIE,FAUSTYNA,KOBIETA,7
04,KUJAWSKO-POMORSKIE,LILIANA,KOBIETA,7
04,KUJAWSKO-POMORSKIE,MARIOLA,KOBIETA,7
04,KUJAWSKO-POMORSKIE,MARZENA,KOBIETA,7
04,KUJAWSKO-POMORSKIE,NINA,KOBIETA,7
04,KUJAWSKO-POMORSKIE,SYLWIA,KOBIETA,7
04,KUJAWSKO-POMORSKIE,KAMILA,KOBIETA,6
04,KUJAWSKO-POMORSKIE,LILIANNA,KOBIETA,6
04,KUJAWSKO-POMORSKIE,NELA,KOBIETA,6
04,KUJAWSKO-POMORSKIE,PATRYCJA,KOBIETA,6
04,KUJAWSKO-POMORSKIE,CECYLIA,KOBIETA,5
04,KUJAWSKO-POMORSKIE,IGA,KOBIETA,5
04,KUJAWSKO-POMORSKIE,LEA,KOBIETA,5
04,KUJAWSKO-POMORSKIE,MIA,KOBIETA,5
04,KUJAWSKO-POMORSKIE,MILENA,KOBIETA,5
04,KUJAWSKO-POMORSKIE,REGINA,KOBIETA,5
04,KUJAWSKO-POMORSKIE,SARA,KOBIETA,5
04,KUJAWSKO-POMORSKIE,AURELIA,KOBIETA,4
04,KUJAWSKO-POMORSKIE,AURORA,KOBIETA,4
04,KUJAWSKO-POMORSKIE,BOGUMIŁA,KOBIETA,4
04,KUJAWSKO-POMORSKIE,DOBRAWA,KOBIETA,4
04,KUJAWSKO-POMORSKIE,GAJA,KOBIETA,4
04,KUJAWSKO-POMORSKIE,JÓZEFA,KOBIETA,4
04,KUJAWSKO-POMORSKIE,JÓZEFINA,KOBIETA,4
04,KUJAWSKO-POMORSKIE,KALINA,KOBIETA,4
04,KUJAWSKO-POMORSKIE,KONSTANCJA,KOBIETA,4
04,KUJAWSKO-POMORSKIE,LIWIA,KOBIETA,4
04,KUJAWSKO-POMORSKIE,LUCYNA,KOBIETA,4
04,KUJAWSKO-POMORSKIE,MATYLDA,KOBIETA,4
04,KUJAWSKO-POMORSKIE,OLGA,KOBIETA,4
04,KUJAWSKO-POMORSKIE,STANISŁAWA,KOBIETA,4
04,KUJAWSKO-POMORSKIE,VIOLETTA,KOBIETA,4
04,KUJAWSKO-POMORSKIE,WIOLETTA,KOBIETA,4
04,KUJAWSKO-POMORSKIE,ADELA,KOBIETA,3
04,KUJAWSKO-POMORSKIE,ANETA,KOBIETA,3
04,KUJAWSKO-POMORSKIE,APOLONIA,KOBIETA,3
04,KUJAWSKO-POMORSKIE,DAGMARA,KOBIETA,3
04,KUJAWSKO-POMORSKIE,DIANA,KOBIETA,3
04,KUJAWSKO-POMORSKIE,EDYTA,KOBIETA,3
04,KUJAWSKO-POMORSKIE,KAJA,KOBIETA,3
04,KUJAWSKO-POMORSKIE,MALWINA,KOBIETA,3
04,KUJAWSKO-POMORSKIE,MELANIA,KOBIETA,3
04,KUJAWSKO-POMORSKIE,NEL,KOBIETA,3
04,KUJAWSKO-POMORSKIE,ROMA,KOBIETA,3
04,KUJAWSKO-POMORSKIE,SABINA,KOBIETA,3
04,KUJAWSKO-POMORSKIE,WIESŁAWA,KOBIETA,3
04,KUJAWSKO-POMORSKIE,ZYTA,KOBIETA,3
04,KUJAWSKO-POMORSKIE,ALINA,KOBIETA,2
04,KUJAWSKO-POMORSKIE,ANGELIKA,KOBIETA,2
04,KUJAWSKO-POMORSKIE,ANITA,KOBIETA,2
04,KUJAWSKO-POMORSKIE,BIANKA,KOBIETA,2
04,KUJAWSKO-POMORSKIE,CARMEN,KOBIETA,2
04,KUJAWSKO-POMORSKIE,DANIELA,KOBIETA,2
04,KUJAWSKO-POMORSKIE,ELEONORA,KOBIETA,2
04,KUJAWSKO-POMORSKIE,ELIZABETH,KOBIETA,2
04,KUJAWSKO-POMORSKIE,ESTERA,KOBIETA,2
04,KUJAWSKO-POMORSKIE,FELICJA,KOBIETA,2
04,KUJAWSKO-POMORSKIE,HONORATA,KOBIETA,2
04,KUJAWSKO-POMORSKIE,IDA,KOBIETA,2
04,KUJAWSKO-POMORSKIE,ILONA,KOBIETA,2
04,KUJAWSKO-POMORSKIE,INES,KOBIETA,2
04,KUJAWSKO-POMORSKIE,JAGNA,KOBIETA,2
04,KUJAWSKO-POMORSKIE,JAŚMINA,KOBIETA,2
04,KUJAWSKO-POMORSKIE,LILI,KOBIETA,2
04,KUJAWSKO-POMORSKIE,MARIKA,KOBIETA,2
04,KUJAWSKO-POMORSKIE,NICOLA,KOBIETA,2
04,KUJAWSKO-POMORSKIE,OLIMPIA,KOBIETA,2
04,KUJAWSKO-POMORSKIE,SANDRA,KOBIETA,2
04,KUJAWSKO-POMORSKIE,VICTORIA,KOBIETA,2
04,KUJAWSKO-POMORSKIE,WALENTYNA,KOBIETA,2
04,KUJAWSKO-POMORSKIE,WIOLETA,KOBIETA,2
04,KUJAWSKO-POMORSKIE,ZOJA,KOBIETA,2
04,KUJAWSKO-POMORSKIE,ŻANETA,KOBIETA,2
06,LUBELSKIE,MARIA,KOBIETA,196
06,LUBELSKIE,ANNA,KOBIETA,133
06,LUBELSKIE,ZOFIA,KOBIETA,54
06,LUBELSKIE,WIKTORIA,KOBIETA,47
06,LUBELSKIE,ALEKSANDRA,KOBIETA,41
06,LUBELSKIE,MAGDALENA,KOBIETA,41
06,LUBELSKIE,ALICJA,KOBIETA,39
06,LUBELSKIE,MAŁGORZATA,KOBIETA,36
06,LUBELSKIE,EWA,KOBIETA,34
06,LUBELSKIE,ŁUCJA,KOBIETA,34
06,LUBELSKIE,EMILIA,KOBIETA,33
06,LUBELSKIE,JULIA,KOBIETA,32
06,LUBELSKIE,BARBARA,KOBIETA,29
06,LUBELSKIE,KLARA,KOBIETA,29
06,LUBELSKIE,ANASTAZJA,KOBIETA,26
06,LUBELSKIE,KATARZYNA,KOBIETA,26
06,LUBELSKIE,ELŻBIETA,KOBIETA,25
06,LUBELSKIE,HANNA,KOBIETA,24
06,LUBELSKIE,LAURA,KOBIETA,23
06,LUBELSKIE,ZUZANNA,KOBIETA,23
06,LUBELSKIE,HELENA,KOBIETA,22
06,LUBELSKIE,NATALIA,KOBIETA,22
06,LUBELSKIE,TERESA,KOBIETA,22
06,LUBELSKIE,ANTONINA,KOBIETA,20
06,LUBELSKIE,KAROLINA,KOBIETA,20
06,LUBELSKIE,WERONIKA,KOBIETA,20
06,LUBELSKIE,AGNIESZKA,KOBIETA,19
06,LUBELSKIE,OLIWIA,KOBIETA,19
06,LUBELSKIE,AMELIA,KOBIETA,18
06,LUBELSKIE,ANIELA,KOBIETA,18
06,LUBELSKIE,KRYSTYNA,KOBIETA,18
06,LUBELSKIE,MAJA,KOBIETA,18
06,LUBELSKIE,MARIANNA,KOBIETA,18
06,LUBELSKIE,MONIKA,KOBIETA,17
06,LUBELSKIE,PATRYCJA,KOBIETA,16
06,LUBELSKIE,RITA,KOBIETA,16
06,LUBELSKIE,JOANNA,KOBIETA,15
06,LUBELSKIE,MICHALINA,KOBIETA,15
06,LUBELSKIE,KINGA,KOBIETA,14
06,LUBELSKIE,AGATA,KOBIETA,13
06,LUBELSKIE,KORNELIA,KOBIETA,13
06,LUBELSKIE,JAGODA,KOBIETA,12
06,LUBELSKIE,MARTA,KOBIETA,12
06,LUBELSKIE,RÓŻA,KOBIETA,12
06,LUBELSKIE,FAUSTYNA,KOBIETA,11
06,LUBELSKIE,GABRIELA,KOBIETA,11
06,LUBELSKIE,JADWIGA,KOBIETA,11
06,LUBELSKIE,JANINA,KOBIETA,11
06,LUBELSKIE,DOMINIKA,KOBIETA,10
06,LUBELSKIE,HALINA,KOBIETA,10
06,LUBELSKIE,IRENA,KOBIETA,10
06,LUBELSKIE,LIDIA,KOBIETA,10
06,LUBELSKIE,MARTYNA,KOBIETA,10
06,LUBELSKIE,STANISŁAWA,KOBIETA,10
06,LUBELSKIE,KAJA,KOBIETA,9
06,LUBELSKIE,BLANKA,KOBIETA,8
06,LUBELSKIE,KLAUDIA,KOBIETA,8
06,LUBELSKIE,ROZALIA,KOBIETA,8
06,LUBELSKIE,IGA,KOBIETA,7
06,LUBELSKIE,IZABELA,KOBIETA,7
06,LUBELSKIE,JÓZEFA,KOBIETA,7
06,LUBELSKIE,LENA,KOBIETA,7
06,LUBELSKIE,MARCELINA,KOBIETA,7
06,LUBELSKIE,MIA,KOBIETA,7
06,LUBELSKIE,NADIA,KOBIETA,7
06,LUBELSKIE,POLA,KOBIETA,7
06,LUBELSKIE,RENATA,KOBIETA,7
06,LUBELSKIE,ALINA,KOBIETA,6
06,LUBELSKIE,BEATA,KOBIETA,6
06,LUBELSKIE,BOŻENA,KOBIETA,6
06,LUBELSKIE,DANUTA,KOBIETA,6
06,LUBELSKIE,DOROTA,KOBIETA,6
06,LUBELSKIE,IWONA,KOBIETA,6
06,LUBELSKIE,KAMILA,KOBIETA,6
06,LUBELSKIE,NIKOLA,KOBIETA,6
06,LUBELSKIE,PAULINA,KOBIETA,6
06,LUBELSKIE,ADA,KOBIETA,5
06,LUBELSKIE,ADRIANNA,KOBIETA,5
06,LUBELSKIE,EDYTA,KOBIETA,5
06,LUBELSKIE,ELENA,KOBIETA,5
06,LUBELSKIE,GRAŻYNA,KOBIETA,5
06,LUBELSKIE,JOLANTA,KOBIETA,5
06,LUBELSKIE,JUSTYNA,KOBIETA,5
06,LUBELSKIE,OLGA,KOBIETA,5
06,LUBELSKIE,DIANA,KOBIETA,4
06,LUBELSKIE,KONSTANCJA,KOBIETA,4
06,LUBELSKIE,LEA,KOBIETA,4
06,LUBELSKIE,MIROSŁAWA,KOBIETA,4
06,LUBELSKIE,SABINA,KOBIETA,4
06,LUBELSKIE,SANDRA,KOBIETA,4
06,LUBELSKIE,SARA,KOBIETA,4
06,LUBELSKIE,STEFANIA,KOBIETA,4
06,LUBELSKIE,URSZULA,KOBIETA,4
06,LUBELSKIE,WANDA,KOBIETA,4
06,LUBELSKIE,ANETA,KOBIETA,3
06,LUBELSKIE,APOLONIA,KOBIETA,3
06,LUBELSKIE,AURELIA,KOBIETA,3
06,LUBELSKIE,BRONISŁAWA,KOBIETA,3
06,LUBELSKIE,CECYLIA,KOBIETA,3
06,LUBELSKIE,DARIA,KOBIETA,3
06,LUBELSKIE,ESTERA,KOBIETA,3
06,LUBELSKIE,HONORATA,KOBIETA,3
06,LUBELSKIE,IZABELLA,KOBIETA,3
06,LUBELSKIE,KALINA,KOBIETA,3
06,LUBELSKIE,MARZENA,KOBIETA,3
06,LUBELSKIE,MELANIA,KOBIETA,3
06,LUBELSKIE,NADZIEJA,KOBIETA,3
06,LUBELSKIE,NELA,KOBIETA,3
06,LUBELSKIE,OKTAWIA,KOBIETA,3
06,LUBELSKIE,PAULA,KOBIETA,3
06,LUBELSKIE,ANDŻELIKA,KOBIETA,2
06,LUBELSKIE,BERNADETTA,KOBIETA,2
06,LUBELSKIE,ILONA,KOBIETA,2
06,LUBELSKIE,JÓZEFINA,KOBIETA,2
06,LUBELSKIE,JUDYTA,KOBIETA,2
06,LUBELSKIE,KAZIMIERA,KOBIETA,2
06,LUBELSKIE,KLEMENTYNA,KOBIETA,2
06,LUBELSKIE,LEONTYNA,KOBIETA,2
06,LUBELSKIE,LILA,KOBIETA,2
06,LUBELSKIE,LILIA,KOBIETA,2
06,LUBELSKIE,LILIANA,KOBIETA,2
06,LUBELSKIE,LUIZA,KOBIETA,2
06,LUBELSKIE,MAGDA,KOBIETA,2
06,LUBELSKIE,MATYLDA,KOBIETA,2
06,LUBELSKIE,MIRIAM,KOBIETA,2
06,LUBELSKIE,NINA,KOBIETA,2
06,LUBELSKIE,NOEMI,KOBIETA,2
06,LUBELSKIE,WALENTYNA,KOBIETA,2
08,LUBUSKIE,MARIA,KOBIETA,125
08,LUBUSKIE,ANNA,KOBIETA,117
08,LUBUSKIE,EWA,KOBIETA,35
08,LUBUSKIE,KRYSTYNA,KOBIETA,34
08,LUBUSKIE,BARBARA,KOBIETA,33
08,LUBUSKIE,ZOFIA,KOBIETA,33
08,LUBUSKIE,KATARZYNA,KOBIETA,30
08,LUBUSKIE,HELENA,KOBIETA,29
08,LUBUSKIE,JULIA,KOBIETA,28
08,LUBUSKIE,MAŁGORZATA,KOBIETA,26
08,LUBUSKIE,WERONIKA,KOBIETA,26
08,LUBUSKIE,IRENA,KOBIETA,25
08,LUBUSKIE,MAGDALENA,KOBIETA,25
08,LUBUSKIE,WIKTORIA,KOBIETA,25
08,LUBUSKIE,ELŻBIETA,KOBIETA,22
08,LUBUSKIE,HANNA,KOBIETA,22
08,LUBUSKIE,JANINA,KOBIETA,21
08,LUBUSKIE,TERESA,KOBIETA,21
08,LUBUSKIE,KAROLINA,KOBIETA,20
08,LUBUSKIE,ALEKSANDRA,KOBIETA,19
08,LUBUSKIE,DANUTA,KOBIETA,19
08,LUBUSKIE,ALICJA,KOBIETA,18
08,LUBUSKIE,ZUZANNA,KOBIETA,17
08,LUBUSKIE,AGNIESZKA,KOBIETA,16
08,LUBUSKIE,EMILIA,KOBIETA,16
08,LUBUSKIE,IZABELA,KOBIETA,16
08,LUBUSKIE,JOANNA,KOBIETA,16
08,LUBUSKIE,LAURA,KOBIETA,16
08,LUBUSKIE,JADWIGA,KOBIETA,15
08,LUBUSKIE,MARTA,KOBIETA,15
08,LUBUSKIE,OLIWIA,KOBIETA,15
08,LUBUSKIE,ANASTAZJA,KOBIETA,14
08,LUBUSKIE,MAJA,KOBIETA,14
08,LUBUSKIE,MARIANNA,KOBIETA,14
08,LUBUSKIE,ANTONINA,KOBIETA,13
08,LUBUSKIE,NATALIA,KOBIETA,13
08,LUBUSKIE,BEATA,KOBIETA,12
08,LUBUSKIE,KLARA,KOBIETA,12
08,LUBUSKIE,ŁUCJA,KOBIETA,12
08,LUBUSKIE,BOŻENA,KOBIETA,11
08,LUBUSKIE,HALINA,KOBIETA,11
08,LUBUSKIE,PAULINA,KOBIETA,11
08,LUBUSKIE,GABRIELA,KOBIETA,10
08,LUBUSKIE,PATRYCJA,KOBIETA,10
08,LUBUSKIE,IWONA,KOBIETA,9
08,LUBUSKIE,RÓŻA,KOBIETA,9
08,LUBUSKIE,DOROTA,KOBIETA,8
08,LUBUSKIE,JOLANTA,KOBIETA,8
08,LUBUSKIE,LENA,KOBIETA,8
08,LUBUSKIE,LIDIA,KOBIETA,8
08,LUBUSKIE,MARTYNA,KOBIETA,8
08,LUBUSKIE,MIA,KOBIETA,8
08,LUBUSKIE,STEFANIA,KOBIETA,8
08,LUBUSKIE,JÓZEFA,KOBIETA,7
08,LUBUSKIE,MARCELINA,KOBIETA,7
08,LUBUSKIE,MICHALINA,KOBIETA,7
08,LUBUSKIE,URSZULA,KOBIETA,7
08,LUBUSKIE,ALINA,KOBIETA,6
08,LUBUSKIE,AMELIA,KOBIETA,6
08,LUBUSKIE,ANETA,KOBIETA,6
08,LUBUSKIE,JUSTYNA,KOBIETA,6
08,LUBUSKIE,KAMILA,KOBIETA,6
08,LUBUSKIE,KLAUDIA,KOBIETA,6
08,LUBUSKIE,KORNELIA,KOBIETA,6
08,LUBUSKIE,MONIKA,KOBIETA,6
08,LUBUSKIE,STANISŁAWA,KOBIETA,6
08,LUBUSKIE,AGATA,KOBIETA,5
08,LUBUSKIE,ANIELA,KOBIETA,5
08,LUBUSKIE,CZESŁAWA,KOBIETA,5
08,LUBUSKIE,DOMINIKA,KOBIETA,5
08,LUBUSKIE,EWELINA,KOBIETA,5
08,LUBUSKIE,FAUSTYNA,KOBIETA,5
08,LUBUSKIE,IZABELLA,KOBIETA,5
08,LUBUSKIE,KAZIMIERA,KOBIETA,5
08,LUBUSKIE,KINGA,KOBIETA,5
08,LUBUSKIE,LUCYNA,KOBIETA,5
08,LUBUSKIE,MILENA,KOBIETA,5
08,LUBUSKIE,NADIA,KOBIETA,5
08,LUBUSKIE,POLA,KOBIETA,5
08,LUBUSKIE,REGINA,KOBIETA,5
08,LUBUSKIE,CECYLIA,KOBIETA,4
08,LUBUSKIE,EDYTA,KOBIETA,4
08,LUBUSKIE,ELENA,KOBIETA,4
08,LUBUSKIE,IDA,KOBIETA,4
08,LUBUSKIE,IGA,KOBIETA,4
08,LUBUSKIE,NIKOLA,KOBIETA,4
08,LUBUSKIE,OLIMPIA,KOBIETA,4
08,LUBUSKIE,PAULA,KOBIETA,4
08,LUBUSKIE,RENATA,KOBIETA,4
08,LUBUSKIE,WANDA,KOBIETA,4
08,LUBUSKIE,ADRIANNA,KOBIETA,3
08,LUBUSKIE,ANGELIKA,KOBIETA,3
08,LUBUSKIE,AURELIA,KOBIETA,3
08,LUBUSKIE,BLANKA,KOBIETA,3
08,LUBUSKIE,DAGMARA,KOBIETA,3
08,LUBUSKIE,DARIA,KOBIETA,3
08,LUBUSKIE,ESTERA,KOBIETA,3
08,LUBUSKIE,GAJA,KOBIETA,3
08,LUBUSKIE,HONORATA,KOBIETA,3
08,LUBUSKIE,INGA,KOBIETA,3
08,LUBUSKIE,KAJA,KOBIETA,3
08,LUBUSKIE,LILIANA,KOBIETA,3
08,LUBUSKIE,LIWIA,KOBIETA,3
08,LUBUSKIE,MIRIAM,KOBIETA,3
08,LUBUSKIE,NELA,KOBIETA,3
08,LUBUSKIE,NOEMI,KOBIETA,3
08,LUBUSKIE,RITA,KOBIETA,3
08,LUBUSKIE,ROZALIA,KOBIETA,3
08,LUBUSKIE,SABINA,KOBIETA,3
08,LUBUSKIE,SARA,KOBIETA,3
08,LUBUSKIE,SYLWIA,KOBIETA,3
08,LUBUSKIE,WIESŁAWA,KOBIETA,3
08,LUBUSKIE,WŁADYSŁAWA,KOBIETA,3
08,LUBUSKIE,ADAMINA,KOBIETA,2
08,LUBUSKIE,ADRIANA,KOBIETA,2
08,LUBUSKIE,BOGUSŁAWA,KOBIETA,2
08,LUBUSKIE,BRONISŁAWA,KOBIETA,2
08,LUBUSKIE,DANIELA,KOBIETA,2
08,LUBUSKIE,FELICJA,KOBIETA,2
08,LUBUSKIE,HENRYKA,KOBIETA,2
08,LUBUSKIE,ILONA,KOBIETA,2
08,LUBUSKIE,JAGODA,KOBIETA,2
08,LUBUSKIE,JULIANNA,KOBIETA,2
08,LUBUSKIE,JULITA,KOBIETA,2
08,LUBUSKIE,KONSTANCJA,KOBIETA,2
08,LUBUSKIE,LILA,KOBIETA,2
08,LUBUSKIE,LUIZA,KOBIETA,2
08,LUBUSKIE,MARIKA,KOBIETA,2
08,LUBUSKIE,MARIOLA,KOBIETA,2
08,LUBUSKIE,MATYLDA,KOBIETA,2
08,LUBUSKIE,MERCEDES,KOBIETA,2
08,LUBUSKIE,MIRA,KOBIETA,2
08,LUBUSKIE,OLGA,KOBIETA,2
08,LUBUSKIE,VICTORIA,KOBIETA,2
08,LUBUSKIE,WALENTYNA,KOBIETA,2
08,LUBUSKIE,WIOLETTA,KOBIETA,2
10,ŁÓDZKIE,MARIA,KOBIETA,427
10,ŁÓDZKIE,ANNA,KOBIETA,373
10,ŁÓDZKIE,ZOFIA,KOBIETA,204
10,ŁÓDZKIE,JULIA,KOBIETA,113
10,ŁÓDZKIE,MAGDALENA,KOBIETA,113
10,ŁÓDZKIE,WIKTORIA,KOBIETA,113
10,ŁÓDZKIE,ALEKSANDRA,KOBIETA,109
10,ŁÓDZKIE,ALICJA,KOBIETA,102
10,ŁÓDZKIE,KATARZYNA,KOBIETA,98
10,ŁÓDZKIE,EWA,KOBIETA,95
10,ŁÓDZKIE,WERONIKA,KOBIETA,93
10,ŁÓDZKIE,MAŁGORZATA,KOBIETA,88
10,ŁÓDZKIE,LAURA,KOBIETA,84
10,ŁÓDZKIE,ŁUCJA,KOBIETA,84
10,ŁÓDZKIE,NATALIA,KOBIETA,81
10,ŁÓDZKIE,HELENA,KOBIETA,79
10,ŁÓDZKIE,ZUZANNA,KOBIETA,79
10,ŁÓDZKIE,BARBARA,KOBIETA,76
10,ŁÓDZKIE,MARIANNA,KOBIETA,71
10,ŁÓDZKIE,OLIWIA,KOBIETA,68
10,ŁÓDZKIE,ELŻBIETA,KOBIETA,67
10,ŁÓDZKIE,MAJA,KOBIETA,64
10,ŁÓDZKIE,JOANNA,KOBIETA,62
10,ŁÓDZKIE,AGNIESZKA,KOBIETA,60
10,ŁÓDZKIE,ANTONINA,KOBIETA,60
10,ŁÓDZKIE,LENA,KOBIETA,56
10,ŁÓDZKIE,KAROLINA,KOBIETA,54
10,ŁÓDZKIE,AMELIA,KOBIETA,49
10,ŁÓDZKIE,JANINA,KOBIETA,48
10,ŁÓDZKIE,KLARA,KOBIETA,48
10,ŁÓDZKIE,HANNA,KOBIETA,47
10,ŁÓDZKIE,PAULINA,KOBIETA,46
10,ŁÓDZKIE,MARTA,KOBIETA,45
10,ŁÓDZKIE,JADWIGA,KOBIETA,44
10,ŁÓDZKIE,KINGA,KOBIETA,41
10,ŁÓDZKIE,MONIKA,KOBIETA,39
10,ŁÓDZKIE,TERESA,KOBIETA,39
10,ŁÓDZKIE,ANASTAZJA,KOBIETA,37
10,ŁÓDZKIE,MICHALINA,KOBIETA,37
10,ŁÓDZKIE,KRYSTYNA,KOBIETA,36
10,ŁÓDZKIE,RÓŻA,KOBIETA,34
10,ŁÓDZKIE,AGATA,KOBIETA,33
10,ŁÓDZKIE,EMILIA,KOBIETA,33
10,ŁÓDZKIE,NADIA,KOBIETA,33
10,ŁÓDZKIE,RITA,KOBIETA,33
10,ŁÓDZKIE,SYLWIA,KOBIETA,30
10,ŁÓDZKIE,BLANKA,KOBIETA,29
10,ŁÓDZKIE,DANUTA,KOBIETA,29
10,ŁÓDZKIE,GABRIELA,KOBIETA,29
10,ŁÓDZKIE,MARTYNA,KOBIETA,29
10,ŁÓDZKIE,POLA,KOBIETA,29
10,ŁÓDZKIE,PATRYCJA,KOBIETA,28
10,ŁÓDZKIE,IRENA,KOBIETA,27
10,ŁÓDZKIE,DOROTA,KOBIETA,26
10,ŁÓDZKIE,KLAUDIA,KOBIETA,26
10,ŁÓDZKIE,URSZULA,KOBIETA,26
10,ŁÓDZKIE,IZABELA,KOBIETA,25
10,ŁÓDZKIE,KORNELIA,KOBIETA,25
10,ŁÓDZKIE,ANIELA,KOBIETA,24
10,ŁÓDZKIE,BEATA,KOBIETA,24
10,ŁÓDZKIE,EWELINA,KOBIETA,23
10,ŁÓDZKIE,MARCELINA,KOBIETA,23
10,ŁÓDZKIE,DOMINIKA,KOBIETA,22
10,ŁÓDZKIE,JUSTYNA,KOBIETA,22
10,ŁÓDZKIE,DARIA,KOBIETA,21
10,ŁÓDZKIE,IGA,KOBIETA,21
10,ŁÓDZKIE,JAGODA,KOBIETA,21
10,ŁÓDZKIE,JOLANTA,KOBIETA,21
10,ŁÓDZKIE,KAMILA,KOBIETA,21
10,ŁÓDZKIE,ADRIANNA,KOBIETA,18
10,ŁÓDZKIE,AURELIA,KOBIETA,18
10,ŁÓDZKIE,FAUSTYNA,KOBIETA,18
10,ŁÓDZKIE,GRAŻYNA,KOBIETA,18
10,ŁÓDZKIE,HALINA,KOBIETA,18
10,ŁÓDZKIE,ROZALIA,KOBIETA,18
10,ŁÓDZKIE,NIKOLA,KOBIETA,17
10,ŁÓDZKIE,MIA,KOBIETA,16
10,ŁÓDZKIE,GAJA,KOBIETA,15
10,ŁÓDZKIE,IWONA,KOBIETA,15
10,ŁÓDZKIE,JÓZEFA,KOBIETA,15
10,ŁÓDZKIE,NINA,KOBIETA,15
10,ŁÓDZKIE,ELIZA,KOBIETA,13
10,ŁÓDZKIE,LILIANA,KOBIETA,13
10,ŁÓDZKIE,MILENA,KOBIETA,13
10,ŁÓDZKIE,BOŻENA,KOBIETA,12
10,ŁÓDZKIE,LILIANNA,KOBIETA,12
10,ŁÓDZKIE,MATYLDA,KOBIETA,12
10,ŁÓDZKIE,STANISŁAWA,KOBIETA,12
10,ŁÓDZKIE,STEFANIA,KOBIETA,12
10,ŁÓDZKIE,WANDA,KOBIETA,12
10,ŁÓDZKIE,SABINA,KOBIETA,11
10,ŁÓDZKIE,SARA,KOBIETA,10
10,ŁÓDZKIE,BOGUMIŁA,KOBIETA,9
10,ŁÓDZKIE,DIANA,KOBIETA,9
10,ŁÓDZKIE,KAJA,KOBIETA,9
10,ŁÓDZKIE,LIDIA,KOBIETA,9
10,ŁÓDZKIE,NELA,KOBIETA,9
10,ŁÓDZKIE,SANDRA,KOBIETA,9
10,ŁÓDZKIE,WIOLETTA,KOBIETA,9
10,ŁÓDZKIE,EDYTA,KOBIETA,8
10,ŁÓDZKIE,LIWIA,KOBIETA,8
10,ŁÓDZKIE,MARLENA,KOBIETA,8
10,ŁÓDZKIE,OLGA,KOBIETA,8
10,ŁÓDZKIE,ALINA,KOBIETA,7
10,ŁÓDZKIE,ANGELIKA,KOBIETA,7
10,ŁÓDZKIE,KALINA,KOBIETA,7
10,ŁÓDZKIE,LUCYNA,KOBIETA,7
10,ŁÓDZKIE,MIROSŁAWA,KOBIETA,7
10,ŁÓDZKIE,APOLONIA,KOBIETA,6
10,ŁÓDZKIE,BIANKA,KOBIETA,6
10,ŁÓDZKIE,CELINA,KOBIETA,6
10,ŁÓDZKIE,HENRYKA,KOBIETA,6
10,ŁÓDZKIE,HONORATA,KOBIETA,6
10,ŁÓDZKIE,KONSTANCJA,KOBIETA,6
10,ŁÓDZKIE,MALWINA,KOBIETA,6
10,ŁÓDZKIE,MARIOLA,KOBIETA,6
10,ŁÓDZKIE,OTYLIA,KOBIETA,6
10,ŁÓDZKIE,WIESŁAWA,KOBIETA,6
10,ŁÓDZKIE,ANITA,KOBIETA,5
10,ŁÓDZKIE,CECYLIA,KOBIETA,5
10,ŁÓDZKIE,DAGMARA,KOBIETA,5
10,ŁÓDZKIE,ILONA,KOBIETA,5
10,ŁÓDZKIE,JULITA,KOBIETA,5
10,ŁÓDZKIE,LILA,KOBIETA,5
10,ŁÓDZKIE,MARIKA,KOBIETA,5
10,ŁÓDZKIE,RENATA,KOBIETA,5
10,ŁÓDZKIE,ROKSANA,KOBIETA,5
10,ŁÓDZKIE,WALENTYNA,KOBIETA,5
10,ŁÓDZKIE,ADA,KOBIETA,4
10,ŁÓDZKIE,ANETA,KOBIETA,4
10,ŁÓDZKIE,DANIELA,KOBIETA,4
10,ŁÓDZKIE,GENOWEFA,KOBIETA,4
10,ŁÓDZKIE,GLORIA,KOBIETA,4
10,ŁÓDZKIE,IDA,KOBIETA,4
10,ŁÓDZKIE,INGA,KOBIETA,4
10,ŁÓDZKIE,IZABELLA,KOBIETA,4
10,ŁÓDZKIE,JULIANNA,KOBIETA,4
10,ŁÓDZKIE,KAZIMIERA,KOBIETA,4
10,ŁÓDZKIE,LEOKADIA,KOBIETA,4
10,ŁÓDZKIE,PAULA,KOBIETA,4
10,ŁÓDZKIE,WIOLETA,KOBIETA,4
10,ŁÓDZKIE,BOGUSŁAWA,KOBIETA,3
10,ŁÓDZKIE,CZESŁAWA,KOBIETA,3
10,ŁÓDZKIE,DOBRAWA,KOBIETA,3
10,ŁÓDZKIE,DOBROSŁAWA,KOBIETA,3
10,ŁÓDZKIE,EMMA,KOBIETA,3
10,ŁÓDZKIE,FRANCISZKA,KOBIETA,3
10,ŁÓDZKIE,KARINA,KOBIETA,3
10,ŁÓDZKIE,KLEMENTYNA,KOBIETA,3
10,ŁÓDZKIE,LARA,KOBIETA,3
10,ŁÓDZKIE,LIVIA,KOBIETA,3
10,ŁÓDZKIE,MARIETTA,KOBIETA,3
10,ŁÓDZKIE,MARZENA,KOBIETA,3
10,ŁÓDZKIE,MELANIA,KOBIETA,3
10,ŁÓDZKIE,MERCEDES,KOBIETA,3
10,ŁÓDZKIE,NATASZA,KOBIETA,3
10,ŁÓDZKIE,OLIMPIA,KOBIETA,3
10,ŁÓDZKIE,REGINA,KOBIETA,3
10,ŁÓDZKIE,ROMA,KOBIETA,3
10,ŁÓDZKIE,SONIA,KOBIETA,3
10,ŁÓDZKIE,TATIANA,KOBIETA,3
10,ŁÓDZKIE,ALDONA,KOBIETA,2
10,ŁÓDZKIE,ALEXANDRA,KOBIETA,2
10,ŁÓDZKIE,ARLETA,KOBIETA,2
10,ŁÓDZKIE,BERENIKA,KOBIETA,2
10,ŁÓDZKIE,BOŻENNA,KOBIETA,2
10,ŁÓDZKIE,BRONISŁAWA,KOBIETA,2
10,ŁÓDZKIE,CARLA,KOBIETA,2
10,ŁÓDZKIE,FELICJA,KOBIETA,2
10,ŁÓDZKIE,FILOMENA,KOBIETA,2
10,ŁÓDZKIE,JAŚMINA,KOBIETA,2
10,ŁÓDZKIE,JESSICA,KOBIETA,2
10,ŁÓDZKIE,LEA,KOBIETA,2
10,ŁÓDZKIE,LILIA,KOBIETA,2
10,ŁÓDZKIE,LILLA,KOBIETA,2
10,ŁÓDZKIE,LUCJA,KOBIETA,2
10,ŁÓDZKIE,LUIZA,KOBIETA,2
10,ŁÓDZKIE,MAGDA,KOBIETA,2
10,ŁÓDZKIE,MALINA,KOBIETA,2
10,ŁÓDZKIE,MIRA,KOBIETA,2
10,ŁÓDZKIE,NADZIEJA,KOBIETA,2
10,ŁÓDZKIE,SAMANTA,KOBIETA,2
10,ŁÓDZKIE,SAWA,KOBIETA,2
10,ŁÓDZKIE,STELLA,KOBIETA,2
10,ŁÓDZKIE,VANESSA,KOBIETA,2
10,ŁÓDZKIE,VIOLETTA,KOBIETA,2
10,ŁÓDZKIE,ZOJA,KOBIETA,2
10,ŁÓDZKIE,ZYTA,KOBIETA,2
10,ŁÓDZKIE,ŻANETA,KOBIETA,2
12,MAŁOPOLSKIE,MARIA,KOBIETA,1473
12,MAŁOPOLSKIE,ANNA,KOBIETA,939
12,MAŁOPOLSKIE,ZOFIA,KOBIETA,498
12,MAŁOPOLSKIE,MAGDALENA,KOBIETA,339
12,MAŁOPOLSKIE,KATARZYNA,KOBIETA,296
12,MAŁOPOLSKIE,JULIA,KOBIETA,274
12,MAŁOPOLSKIE,HELENA,KOBIETA,247
12,MAŁOPOLSKIE,ALEKSANDRA,KOBIETA,246
12,MAŁOPOLSKIE,WIKTORIA,KOBIETA,236
12,MAŁOPOLSKIE,MAŁGORZATA,KOBIETA,230
12,MAŁOPOLSKIE,BARBARA,KOBIETA,220
12,MAŁOPOLSKIE,RITA,KOBIETA,213
12,MAŁOPOLSKIE,KAROLINA,KOBIETA,207
12,MAŁOPOLSKIE,WERONIKA,KOBIETA,199
12,MAŁOPOLSKIE,JOANNA,KOBIETA,185
12,MAŁOPOLSKIE,ŁUCJA,KOBIETA,159
12,MAŁOPOLSKIE,AGNIESZKA,KOBIETA,155
12,MAŁOPOLSKIE,ALICJA,KOBIETA,155
12,MAŁOPOLSKIE,EWA,KOBIETA,153
12,MAŁOPOLSKIE,NATALIA,KOBIETA,148
12,MAŁOPOLSKIE,TERESA,KOBIETA,143
12,MAŁOPOLSKIE,ELŻBIETA,KOBIETA,142
12,MAŁOPOLSKIE,EMILIA,KOBIETA,133
12,MAŁOPOLSKIE,ZUZANNA,KOBIETA,129
12,MAŁOPOLSKIE,MONIKA,KOBIETA,126
12,MAŁOPOLSKIE,KRYSTYNA,KOBIETA,125
12,MAŁOPOLSKIE,ANTONINA,KOBIETA,111
12,MAŁOPOLSKIE,LAURA,KOBIETA,111
12,MAŁOPOLSKIE,OLIWIA,KOBIETA,101
12,MAŁOPOLSKIE,PAULINA,KOBIETA,101
12,MAŁOPOLSKIE,MARTA,KOBIETA,100
12,MAŁOPOLSKIE,MAJA,KOBIETA,99
12,MAŁOPOLSKIE,KINGA,KOBIETA,97
12,MAŁOPOLSKIE,JANINA,KOBIETA,94
12,MAŁOPOLSKIE,ANIELA,KOBIETA,90
12,MAŁOPOLSKIE,ANASTAZJA,KOBIETA,88
12,MAŁOPOLSKIE,GABRIELA,KOBIETA,82
12,MAŁOPOLSKIE,AMELIA,KOBIETA,80
12,MAŁOPOLSKIE,DOROTA,KOBIETA,80
12,MAŁOPOLSKIE,MICHALINA,KOBIETA,80
12,MAŁOPOLSKIE,JADWIGA,KOBIETA,77
12,MAŁOPOLSKIE,AGATA,KOBIETA,76
12,MAŁOPOLSKIE,HANNA,KOBIETA,76
12,MAŁOPOLSKIE,IZABELA,KOBIETA,71
12,MAŁOPOLSKIE,KLARA,KOBIETA,71
12,MAŁOPOLSKIE,DANUTA,KOBIETA,69
12,MAŁOPOLSKIE,URSZULA,KOBIETA,66
12,MAŁOPOLSKIE,BEATA,KOBIETA,65
12,MAŁOPOLSKIE,DOMINIKA,KOBIETA,65
12,MAŁOPOLSKIE,LENA,KOBIETA,64
12,MAŁOPOLSKIE,FAUSTYNA,KOBIETA,62
12,MAŁOPOLSKIE,JUSTYNA,KOBIETA,61
12,MAŁOPOLSKIE,RÓŻA,KOBIETA,61
12,MAŁOPOLSKIE,IRENA,KOBIETA,60
12,MAŁOPOLSKIE,PATRYCJA,KOBIETA,57
12,MAŁOPOLSKIE,STANISŁAWA,KOBIETA,57
12,MAŁOPOLSKIE,MARIANNA,KOBIETA,53
12,MAŁOPOLSKIE,EWELINA,KOBIETA,49
12,MAŁOPOLSKIE,WANDA,KOBIETA,47
12,MAŁOPOLSKIE,KLAUDIA,KOBIETA,46
12,MAŁOPOLSKIE,JÓZEFA,KOBIETA,44
12,MAŁOPOLSKIE,SYLWIA,KOBIETA,44
12,MAŁOPOLSKIE,HALINA,KOBIETA,43
12,MAŁOPOLSKIE,STEFANIA,KOBIETA,43
12,MAŁOPOLSKIE,ROZALIA,KOBIETA,42
12,MAŁOPOLSKIE,MARTYNA,KOBIETA,41
12,MAŁOPOLSKIE,KAMILA,KOBIETA,39
12,MAŁOPOLSKIE,JAGODA,KOBIETA,38
12,MAŁOPOLSKIE,MILENA,KOBIETA,38
12,MAŁOPOLSKIE,JOLANTA,KOBIETA,37
12,MAŁOPOLSKIE,MARCELINA,KOBIETA,37
12,MAŁOPOLSKIE,LIDIA,KOBIETA,34
12,MAŁOPOLSKIE,DARIA,KOBIETA,33
12,MAŁOPOLSKIE,IWONA,KOBIETA,33
12,MAŁOPOLSKIE,IGA,KOBIETA,30
12,MAŁOPOLSKIE,RENATA,KOBIETA,30
12,MAŁOPOLSKIE,BOŻENA,KOBIETA,29
12,MAŁOPOLSKIE,CECYLIA,KOBIETA,29
12,MAŁOPOLSKIE,LILIANA,KOBIETA,27
12,MAŁOPOLSKIE,KORNELIA,KOBIETA,26
12,MAŁOPOLSKIE,LUCYNA,KOBIETA,26
12,MAŁOPOLSKIE,NIKOLA,KOBIETA,26
12,MAŁOPOLSKIE,BLANKA,KOBIETA,25
12,MAŁOPOLSKIE,GRAŻYNA,KOBIETA,24
12,MAŁOPOLSKIE,ANETA,KOBIETA,23
12,MAŁOPOLSKIE,EDYTA,KOBIETA,23
12,MAŁOPOLSKIE,MATYLDA,KOBIETA,22
12,MAŁOPOLSKIE,NADIA,KOBIETA,22
12,MAŁOPOLSKIE,ANGELIKA,KOBIETA,21
12,MAŁOPOLSKIE,AURELIA,KOBIETA,20
12,MAŁOPOLSKIE,POLA,KOBIETA,20
12,MAŁOPOLSKIE,ELIZA,KOBIETA,17
12,MAŁOPOLSKIE,OLGA,KOBIETA,17
12,MAŁOPOLSKIE,KAJA,KOBIETA,16
12,MAŁOPOLSKIE,SABINA,KOBIETA,16
12,MAŁOPOLSKIE,ALINA,KOBIETA,15
12,MAŁOPOLSKIE,BERNADETA,KOBIETA,15
12,MAŁOPOLSKIE,LILIANNA,KOBIETA,15
12,MAŁOPOLSKIE,MARZENA,KOBIETA,15
12,MAŁOPOLSKIE,SARA,KOBIETA,15
12,MAŁOPOLSKIE,ADRIANNA,KOBIETA,14
12,MAŁOPOLSKIE,BOGUMIŁA,KOBIETA,14
12,MAŁOPOLSKIE,ESTERA,KOBIETA,14
12,MAŁOPOLSKIE,MIA,KOBIETA,14
12,MAŁOPOLSKIE,FRANCISZKA,KOBIETA,13
12,MAŁOPOLSKIE,LUIZA,KOBIETA,13
12,MAŁOPOLSKIE,DAGMARA,KOBIETA,12
12,MAŁOPOLSKIE,DIANA,KOBIETA,12
12,MAŁOPOLSKIE,KARINA,KOBIETA,12
12,MAŁOPOLSKIE,SANDRA,KOBIETA,12
12,MAŁOPOLSKIE,GAJA,KOBIETA,11
12,MAŁOPOLSKIE,JÓZEFINA,KOBIETA,11
12,MAŁOPOLSKIE,KAZIMIERA,KOBIETA,11
12,MAŁOPOLSKIE,LIWIA,KOBIETA,11
12,MAŁOPOLSKIE,MARIOLA,KOBIETA,11
12,MAŁOPOLSKIE,WIOLETTA,KOBIETA,11
12,MAŁOPOLSKIE,JUDYTA,KOBIETA,10
12,MAŁOPOLSKIE,MARLENA,KOBIETA,10
12,MAŁOPOLSKIE,NELA,KOBIETA,10
12,MAŁOPOLSKIE,NINA,KOBIETA,10
12,MAŁOPOLSKIE,WŁADYSŁAWA,KOBIETA,10
12,MAŁOPOLSKIE,CELINA,KOBIETA,9
12,MAŁOPOLSKIE,HONORATA,KOBIETA,9
12,MAŁOPOLSKIE,IZABELLA,KOBIETA,9
12,MAŁOPOLSKIE,MALWINA,KOBIETA,9
12,MAŁOPOLSKIE,ROKSANA,KOBIETA,9
12,MAŁOPOLSKIE,ADA,KOBIETA,8
12,MAŁOPOLSKIE,APOLONIA,KOBIETA,8
12,MAŁOPOLSKIE,BOGUSŁAWA,KOBIETA,8
12,MAŁOPOLSKIE,FELICJA,KOBIETA,8
12,MAŁOPOLSKIE,REGINA,KOBIETA,8
12,MAŁOPOLSKIE,ANITA,KOBIETA,7
12,MAŁOPOLSKIE,BIANKA,KOBIETA,7
12,MAŁOPOLSKIE,ELENA,KOBIETA,7
12,MAŁOPOLSKIE,KONSTANCJA,KOBIETA,7
12,MAŁOPOLSKIE,MARIKA,KOBIETA,7
12,MAŁOPOLSKIE,MELANIA,KOBIETA,7
12,MAŁOPOLSKIE,WIESŁAWA,KOBIETA,7
12,MAŁOPOLSKIE,BERNADETTA,KOBIETA,6
12,MAŁOPOLSKIE,BRONISŁAWA,KOBIETA,6
12,MAŁOPOLSKIE,DANIELA,KOBIETA,6
12,MAŁOPOLSKIE,GENOWEFA,KOBIETA,6
12,MAŁOPOLSKIE,HIACYNTA,KOBIETA,6
12,MAŁOPOLSKIE,IDA,KOBIETA,6
12,MAŁOPOLSKIE,INGA,KOBIETA,6
12,MAŁOPOLSKIE,KLEMENTYNA,KOBIETA,6
12,MAŁOPOLSKIE,OKTAWIA,KOBIETA,6
12,MAŁOPOLSKIE,SOFIA,KOBIETA,6
12,MAŁOPOLSKIE,WIOLETA,KOBIETA,6
12,MAŁOPOLSKIE,JULITA,KOBIETA,5
12,MAŁOPOLSKIE,NADZIEJA,KOBIETA,5
12,MAŁOPOLSKIE,OLIVIA,KOBIETA,5
12,MAŁOPOLSKIE,TAMARA,KOBIETA,5
12,MAŁOPOLSKIE,ALEXANDRA,KOBIETA,4
12,MAŁOPOLSKIE,CZESŁAWA,KOBIETA,4
12,MAŁOPOLSKIE,ELIZABETH,KOBIETA,4
12,MAŁOPOLSKIE,ILONA,KOBIETA,4
12,MAŁOPOLSKIE,JULIANNA,KOBIETA,4
12,MAŁOPOLSKIE,LEOKADIA,KOBIETA,4
12,MAŁOPOLSKIE,LUDWIKA,KOBIETA,4
12,MAŁOPOLSKIE,MIROSŁAWA,KOBIETA,4
12,MAŁOPOLSKIE,SONIA,KOBIETA,4
12,MAŁOPOLSKIE,VIOLETTA,KOBIETA,4
12,MAŁOPOLSKIE,ADELA,KOBIETA,3
12,MAŁOPOLSKIE,ADRIANA,KOBIETA,3
12,MAŁOPOLSKIE,ALFREDA,KOBIETA,3
12,MAŁOPOLSKIE,ANDŻELIKA,KOBIETA,3
12,MAŁOPOLSKIE,AURORA,KOBIETA,3
12,MAŁOPOLSKIE,ELEONORA,KOBIETA,3
12,MAŁOPOLSKIE,EMMA,KOBIETA,3
12,MAŁOPOLSKIE,ISABELLA,KOBIETA,3
12,MAŁOPOLSKIE,KALINA,KOBIETA,3
12,MAŁOPOLSKIE,KRZYSZTOFA,KOBIETA,3
12,MAŁOPOLSKIE,LARA,KOBIETA,3
12,MAŁOPOLSKIE,LILIA,KOBIETA,3
12,MAŁOPOLSKIE,LINDA,KOBIETA,3
12,MAŁOPOLSKIE,LUDMIŁA,KOBIETA,3
12,MAŁOPOLSKIE,MARCJANNA,KOBIETA,3
12,MAŁOPOLSKIE,OTYLIA,KOBIETA,3
12,MAŁOPOLSKIE,PAULA,KOBIETA,3
12,MAŁOPOLSKIE,ROSE,KOBIETA,3
12,MAŁOPOLSKIE,SALOMEA,KOBIETA,3
12,MAŁOPOLSKIE,VICTORIA,KOBIETA,3
12,MAŁOPOLSKIE,AMANDA,KOBIETA,2
12,MAŁOPOLSKIE,ANNE,KOBIETA,2
12,MAŁOPOLSKIE,AUGUSTYNA,KOBIETA,2
12,MAŁOPOLSKIE,CARMEN,KOBIETA,2
12,MAŁOPOLSKIE,ELLA,KOBIETA,2
12,MAŁOPOLSKIE,ELWIRA,KOBIETA,2
12,MAŁOPOLSKIE,EUGENIA,KOBIETA,2
12,MAŁOPOLSKIE,FILOMENA,KOBIETA,2
12,MAŁOPOLSKIE,FLORENTYNA,KOBIETA,2
12,MAŁOPOLSKIE,GLORIA,KOBIETA,2
12,MAŁOPOLSKIE,HENRYKA,KOBIETA,2
12,MAŁOPOLSKIE,HILDEGARDA,KOBIETA,2
12,MAŁOPOLSKIE,INES,KOBIETA,2
12,MAŁOPOLSKIE,INKA,KOBIETA,2
12,MAŁOPOLSKIE,JESSICA,KOBIETA,2
12,MAŁOPOLSKIE,JOWITA,KOBIETA,2
12,MAŁOPOLSKIE,LILA,KOBIETA,2
12,MAŁOPOLSKIE,LIVIA,KOBIETA,2
12,MAŁOPOLSKIE,LUNA,KOBIETA,2
12,MAŁOPOLSKIE,MARGARET,KOBIETA,2
12,MAŁOPOLSKIE,MELISA,KOBIETA,2
12,MAŁOPOLSKIE,MIRA,KOBIETA,2
12,MAŁOPOLSKIE,NEL,KOBIETA,2
12,MAŁOPOLSKIE,OLA,KOBIETA,2
12,MAŁOPOLSKIE,ROMA,KOBIETA,2
12,MAŁOPOLSKIE,SAMANTA,KOBIETA,2
12,MAŁOPOLSKIE,SOPHIA,KOBIETA,2
12,MAŁOPOLSKIE,TEODOZJA,KOBIETA,2
12,MAŁOPOLSKIE,VANESSA,KOBIETA,2
12,MAŁOPOLSKIE,VIKTORIA,KOBIETA,2
12,MAŁOPOLSKIE,WALENTYNA,KOBIETA,2
12,MAŁOPOLSKIE,WALERIA,KOBIETA,2
12,MAŁOPOLSKIE,ZDZISŁAWA,KOBIETA,2
12,MAŁOPOLSKIE,ZOJA,KOBIETA,2
14,MAZOWIECKIE,MARIA,KOBIETA,809
14,MAZOWIECKIE,ANNA,KOBIETA,526
14,MAZOWIECKIE,ZOFIA,KOBIETA,329
14,MAZOWIECKIE,HELENA,KOBIETA,177
14,MAZOWIECKIE,EWA,KOBIETA,168
14,MAZOWIECKIE,ALEKSANDRA,KOBIETA,162
14,MAZOWIECKIE,JULIA,KOBIETA,159
14,MAZOWIECKIE,BARBARA,KOBIETA,151
14,MAZOWIECKIE,WIKTORIA,KOBIETA,151
14,MAZOWIECKIE,ALICJA,KOBIETA,143
14,MAZOWIECKIE,KATARZYNA,KOBIETA,140
14,MAZOWIECKIE,MAGDALENA,KOBIETA,136
14,MAZOWIECKIE,MAŁGORZATA,KOBIETA,125
14,MAZOWIECKIE,ANTONINA,KOBIETA,109
14,MAZOWIECKIE,ELŻBIETA,KOBIETA,106
14,MAZOWIECKIE,ŁUCJA,KOBIETA,106
14,MAZOWIECKIE,JOANNA,KOBIETA,105
14,MAZOWIECKIE,LAURA,KOBIETA,99
14,MAZOWIECKIE,TERESA,KOBIETA,97
14,MAZOWIECKIE,NATALIA,KOBIETA,96
14,MAZOWIECKIE,HANNA,KOBIETA,89
14,MAZOWIECKIE,ZUZANNA,KOBIETA,85
14,MAZOWIECKIE,KLARA,KOBIETA,81
14,MAZOWIECKIE,MARIANNA,KOBIETA,81
14,MAZOWIECKIE,KAROLINA,KOBIETA,78
14,MAZOWIECKIE,MAJA,KOBIETA,76
14,MAZOWIECKIE,KRYSTYNA,KOBIETA,73
14,MAZOWIECKIE,WERONIKA,KOBIETA,73
14,MAZOWIECKIE,JANINA,KOBIETA,70
14,MAZOWIECKIE,JADWIGA,KOBIETA,68
14,MAZOWIECKIE,RÓŻA,KOBIETA,67
14,MAZOWIECKIE,ANASTAZJA,KOBIETA,66
14,MAZOWIECKIE,MARTA,KOBIETA,65
14,MAZOWIECKIE,AGNIESZKA,KOBIETA,64
14,MAZOWIECKIE,GABRIELA,KOBIETA,63
14,MAZOWIECKIE,IRENA,KOBIETA,59
14,MAZOWIECKIE,RITA,KOBIETA,59
14,MAZOWIECKIE,AMELIA,KOBIETA,53
14,MAZOWIECKIE,MICHALINA,KOBIETA,52
14,MAZOWIECKIE,IZABELA,KOBIETA,50
14,MAZOWIECKIE,URSZULA,KOBIETA,50
14,MAZOWIECKIE,OLIWIA,KOBIETA,49
14,MAZOWIECKIE,EMILIA,KOBIETA,48
14,MAZOWIECKIE,ANIELA,KOBIETA,47
14,MAZOWIECKIE,WANDA,KOBIETA,46
14,MAZOWIECKIE,DOROTA,KOBIETA,45
14,MAZOWIECKIE,MARCELINA,KOBIETA,45
14,MAZOWIECKIE,MONIKA,KOBIETA,45
14,MAZOWIECKIE,LENA,KOBIETA,44
14,MAZOWIECKIE,JOLANTA,KOBIETA,42
14,MAZOWIECKIE,AGATA,KOBIETA,41
14,MAZOWIECKIE,IGA,KOBIETA,38
14,MAZOWIECKIE,DANUTA,KOBIETA,36
14,MAZOWIECKIE,KINGA,KOBIETA,35
14,MAZOWIECKIE,POLA,KOBIETA,35
14,MAZOWIECKIE,KAMILA,KOBIETA,34
14,MAZOWIECKIE,SARA,KOBIETA,31
14,MAZOWIECKIE,BEATA,KOBIETA,30
14,MAZOWIECKIE,JAGODA,KOBIETA,30
14,MAZOWIECKIE,LIDIA,KOBIETA,30
14,MAZOWIECKIE,ROZALIA,KOBIETA,29
14,MAZOWIECKIE,HALINA,KOBIETA,28
14,MAZOWIECKIE,KLAUDIA,KOBIETA,28
14,MAZOWIECKIE,STEFANIA,KOBIETA,28
14,MAZOWIECKIE,DOMINIKA,KOBIETA,27
14,MAZOWIECKIE,KORNELIA,KOBIETA,26
14,MAZOWIECKIE,LILIANA,KOBIETA,26
14,MAZOWIECKIE,PAULINA,KOBIETA,26
14,MAZOWIECKIE,FAUSTYNA,KOBIETA,24
14,MAZOWIECKIE,MATYLDA,KOBIETA,24
14,MAZOWIECKIE,MIA,KOBIETA,24
14,MAZOWIECKIE,NIKOLA,KOBIETA,22
14,MAZOWIECKIE,DARIA,KOBIETA,21
14,MAZOWIECKIE,AURELIA,KOBIETA,20
14,MAZOWIECKIE,GRAŻYNA,KOBIETA,20
14,MAZOWIECKIE,MILENA,KOBIETA,19
14,MAZOWIECKIE,OLGA,KOBIETA,19
14,MAZOWIECKIE,KALINA,KOBIETA,18
14,MAZOWIECKIE,NINA,KOBIETA,18
14,MAZOWIECKIE,ALINA,KOBIETA,17
14,MAZOWIECKIE,IWONA,KOBIETA,17
14,MAZOWIECKIE,KAJA,KOBIETA,17
14,MAZOWIECKIE,LEA,KOBIETA,17
14,MAZOWIECKIE,MARTYNA,KOBIETA,17
14,MAZOWIECKIE,PATRYCJA,KOBIETA,17
14,MAZOWIECKIE,STANISŁAWA,KOBIETA,17
14,MAZOWIECKIE,APOLONIA,KOBIETA,16
14,MAZOWIECKIE,ELIZA,KOBIETA,16
14,MAZOWIECKIE,JÓZEFINA,KOBIETA,16
14,MAZOWIECKIE,KONSTANCJA,KOBIETA,16
14,MAZOWIECKIE,NADIA,KOBIETA,16
14,MAZOWIECKIE,EDYTA,KOBIETA,15
14,MAZOWIECKIE,JUSTYNA,KOBIETA,15
14,MAZOWIECKIE,BLANKA,KOBIETA,14
14,MAZOWIECKIE,CECYLIA,KOBIETA,14
14,MAZOWIECKIE,GAJA,KOBIETA,14
14,MAZOWIECKIE,LUCYNA,KOBIETA,14
14,MAZOWIECKIE,BOŻENA,KOBIETA,13
14,MAZOWIECKIE,FRANCISZKA,KOBIETA,13
14,MAZOWIECKIE,LILIANNA,KOBIETA,13
14,MAZOWIECKIE,ANETA,KOBIETA,12
14,MAZOWIECKIE,EMMA,KOBIETA,12
14,MAZOWIECKIE,NELA,KOBIETA,12
14,MAZOWIECKIE,EWELINA,KOBIETA,11
14,MAZOWIECKIE,FELICJA,KOBIETA,11
14,MAZOWIECKIE,IDA,KOBIETA,11
14,MAZOWIECKIE,REGINA,KOBIETA,11
14,MAZOWIECKIE,WIESŁAWA,KOBIETA,11
14,MAZOWIECKIE,ADA,KOBIETA,10
14,MAZOWIECKIE,BIANKA,KOBIETA,10
14,MAZOWIECKIE,JUDYTA,KOBIETA,10
14,MAZOWIECKIE,RENATA,KOBIETA,10
14,MAZOWIECKIE,SABINA,KOBIETA,10
14,MAZOWIECKIE,SYLWIA,KOBIETA,10
14,MAZOWIECKIE,ADRIANNA,KOBIETA,9
14,MAZOWIECKIE,BOGUMIŁA,KOBIETA,9
14,MAZOWIECKIE,IZABELLA,KOBIETA,9
14,MAZOWIECKIE,KARINA,KOBIETA,9
14,MAZOWIECKIE,SOFIA,KOBIETA,9
14,MAZOWIECKIE,ADELA,KOBIETA,8
14,MAZOWIECKIE,AURORA,KOBIETA,8
14,MAZOWIECKIE,DIANA,KOBIETA,8
14,MAZOWIECKIE,JULIANNA,KOBIETA,8
14,MAZOWIECKIE,VICTORIA,KOBIETA,8
14,MAZOWIECKIE,ELEONORA,KOBIETA,7
14,MAZOWIECKIE,LEOKADIA,KOBIETA,7
14,MAZOWIECKIE,MALINA,KOBIETA,7
14,MAZOWIECKIE,MELANIA,KOBIETA,7
14,MAZOWIECKIE,ROKSANA,KOBIETA,7
14,MAZOWIECKIE,ROSE,KOBIETA,7
14,MAZOWIECKIE,ALDONA,KOBIETA,6
14,MAZOWIECKIE,DAGMARA,KOBIETA,6
14,MAZOWIECKIE,ELENA,KOBIETA,6
14,MAZOWIECKIE,HONORATA,KOBIETA,6
14,MAZOWIECKIE,INKA,KOBIETA,6
14,MAZOWIECKIE,LUIZA,KOBIETA,6
14,MAZOWIECKIE,MARLENA,KOBIETA,6
14,MAZOWIECKIE,SONIA,KOBIETA,6
14,MAZOWIECKIE,DALIA,KOBIETA,5
14,MAZOWIECKIE,DANIELA,KOBIETA,5
14,MAZOWIECKIE,ESTERA,KOBIETA,5
14,MAZOWIECKIE,FLORENTYNA,KOBIETA,5
14,MAZOWIECKIE,JAŚMINA,KOBIETA,5
14,MAZOWIECKIE,KAZIMIERA,KOBIETA,5
14,MAZOWIECKIE,LILA,KOBIETA,5
14,MAZOWIECKIE,LUNA,KOBIETA,5
14,MAZOWIECKIE,MARIKA,KOBIETA,5
14,MAZOWIECKIE,MIROSŁAWA,KOBIETA,5
14,MAZOWIECKIE,NADZIEJA,KOBIETA,5
14,MAZOWIECKIE,ROMA,KOBIETA,5
14,MAZOWIECKIE,ZOJA,KOBIETA,5
14,MAZOWIECKIE,AMANDA,KOBIETA,4
14,MAZOWIECKIE,BOGUSŁAWA,KOBIETA,4
14,MAZOWIECKIE,BOŻENNA,KOBIETA,4
14,MAZOWIECKIE,CIRILLA,KOBIETA,4
14,MAZOWIECKIE,EVA,KOBIETA,4
14,MAZOWIECKIE,INEZ,KOBIETA,4
14,MAZOWIECKIE,INGA,KOBIETA,4
14,MAZOWIECKIE,ISABELLA,KOBIETA,4
14,MAZOWIECKIE,JAGNA,KOBIETA,4
14,MAZOWIECKIE,JÓZEFA,KOBIETA,4
14,MAZOWIECKIE,KLEMENTYNA,KOBIETA,4
14,MAZOWIECKIE,LILIA,KOBIETA,4
14,MAZOWIECKIE,LIWIA,KOBIETA,4
14,MAZOWIECKIE,LUDWIKA,KOBIETA,4
14,MAZOWIECKIE,MALWINA,KOBIETA,4
14,MAZOWIECKIE,SANDRA,KOBIETA,4
14,MAZOWIECKIE,VIKTORIA,KOBIETA,4
14,MAZOWIECKIE,WALENTYNA,KOBIETA,4
14,MAZOWIECKIE,WIOLETTA,KOBIETA,4
14,MAZOWIECKIE,WŁADYSŁAWA,KOBIETA,4
14,MAZOWIECKIE,ANASTASIA,KOBIETA,3
14,MAZOWIECKIE,ANITA,KOBIETA,3
14,MAZOWIECKIE,AUGUSTA,KOBIETA,3
14,MAZOWIECKIE,CELINA,KOBIETA,3
14,MAZOWIECKIE,CLARA,KOBIETA,3
14,MAZOWIECKIE,EUGENIA,KOBIETA,3
14,MAZOWIECKIE,GENOWEFA,KOBIETA,3
14,MAZOWIECKIE,HENRYKA,KOBIETA,3
14,MAZOWIECKIE,JANA,KOBIETA,3
14,MAZOWIECKIE,LEONIA,KOBIETA,3
14,MAZOWIECKIE,MAGDA,KOBIETA,3
14,MAZOWIECKIE,MAI,KOBIETA,3
14,MAZOWIECKIE,MARIE,KOBIETA,3
14,MAZOWIECKIE,MARIOLA,KOBIETA,3
14,MAZOWIECKIE,NEL,KOBIETA,3
14,MAZOWIECKIE,OLIMPIA,KOBIETA,3
14,MAZOWIECKIE,SALOMEA,KOBIETA,3
14,MAZOWIECKIE,SAWA,KOBIETA,3
14,MAZOWIECKIE,SOPHIA,KOBIETA,3
14,MAZOWIECKIE,ABIGAIL,KOBIETA,2
14,MAZOWIECKIE,ADRIANA,KOBIETA,2
14,MAZOWIECKIE,ALEXANDRA,KOBIETA,2
14,MAZOWIECKIE,AMALIA,KOBIETA,2
14,MAZOWIECKIE,ANDŻELIKA,KOBIETA,2
14,MAZOWIECKIE,ANTONIA,KOBIETA,2
14,MAZOWIECKIE,ARIANA,KOBIETA,2
14,MAZOWIECKIE,BALBINA,KOBIETA,2
14,MAZOWIECKIE,BEATRYCZE,KOBIETA,2
14,MAZOWIECKIE,BERNADETA,KOBIETA,2
14,MAZOWIECKIE,BERNADETTA,KOBIETA,2
14,MAZOWIECKIE,BOGNA,KOBIETA,2
14,MAZOWIECKIE,CECILIA,KOBIETA,2
14,MAZOWIECKIE,CHIARA,KOBIETA,2
14,MAZOWIECKIE,DOBROMIŁA,KOBIETA,2
14,MAZOWIECKIE,ELIZABETH,KOBIETA,2
14,MAZOWIECKIE,EMMANUELA,KOBIETA,2
14,MAZOWIECKIE,FILOMENA,KOBIETA,2
14,MAZOWIECKIE,FLORENCE,KOBIETA,2
14,MAZOWIECKIE,GRACJA,KOBIETA,2
14,MAZOWIECKIE,HIACYNTA,KOBIETA,2
14,MAZOWIECKIE,ILONA,KOBIETA,2
14,MAZOWIECKIE,INA,KOBIETA,2
14,MAZOWIECKIE,IRIS,KOBIETA,2
14,MAZOWIECKIE,JOSEPHINE,KOBIETA,2
14,MAZOWIECKIE,JOWITA,KOBIETA,2
14,MAZOWIECKIE,KATE,KOBIETA,2
14,MAZOWIECKIE,KAUR,KOBIETA,2
14,MAZOWIECKIE,KSENIA,KOBIETA,2
14,MAZOWIECKIE,LIZA,KOBIETA,2
14,MAZOWIECKIE,LOUISE,KOBIETA,2
14,MAZOWIECKIE,LUKRECJA,KOBIETA,2
14,MAZOWIECKIE,MARCELA,KOBIETA,2
14,MAZOWIECKIE,MARIETTA,KOBIETA,2
14,MAZOWIECKIE,MARY,KOBIETA,2
14,MAZOWIECKIE,MARZENA,KOBIETA,2
14,MAZOWIECKIE,MELISA,KOBIETA,2
14,MAZOWIECKIE,MILANA,KOBIETA,2
14,MAZOWIECKIE,MIRA,KOBIETA,2
14,MAZOWIECKIE,NAWOJKA,KOBIETA,2
14,MAZOWIECKIE,OKTAWIA,KOBIETA,2
14,MAZOWIECKIE,OLIVIA,KOBIETA,2
14,MAZOWIECKIE,PAULA,KOBIETA,2
14,MAZOWIECKIE,STELLA,KOBIETA,2
14,MAZOWIECKIE,TEODORA,KOBIETA,2
14,MAZOWIECKIE,VALENTINA,KOBIETA,2
14,MAZOWIECKIE,VERONICA,KOBIETA,2
14,MAZOWIECKIE,VIOLETTA,KOBIETA,2
14,MAZOWIECKIE,WALERIA,KOBIETA,2
14,MAZOWIECKIE,WIOLETA,KOBIETA,2
16,OPOLSKIE,MARIA,KOBIETA,309
16,OPOLSKIE,ANNA,KOBIETA,263
16,OPOLSKIE,MAGDALENA,KOBIETA,88
16,OPOLSKIE,ZOFIA,KOBIETA,80
16,OPOLSKIE,KATARZYNA,KOBIETA,67
16,OPOLSKIE,EWA,KOBIETA,60
16,OPOLSKIE,JULIA,KOBIETA,58
16,OPOLSKIE,MAŁGORZATA,KOBIETA,57
16,OPOLSKIE,WIKTORIA,KOBIETA,54
16,OPOLSKIE,HELENA,KOBIETA,53
16,OPOLSKIE,AGNIESZKA,KOBIETA,50
16,OPOLSKIE,BARBARA,KOBIETA,48
16,OPOLSKIE,MARTA,KOBIETA,45
16,OPOLSKIE,ALEKSANDRA,KOBIETA,44
16,OPOLSKIE,ŁUCJA,KOBIETA,43
16,OPOLSKIE,ELŻBIETA,KOBIETA,41
16,OPOLSKIE,EMILIA,KOBIETA,41
16,OPOLSKIE,TERESA,KOBIETA,39
16,OPOLSKIE,ALICJA,KOBIETA,37
16,OPOLSKIE,NATALIA,KOBIETA,37
16,OPOLSKIE,ZUZANNA,KOBIETA,37
16,OPOLSKIE,HANNA,KOBIETA,36
16,OPOLSKIE,JOANNA,KOBIETA,36
16,OPOLSKIE,KRYSTYNA,KOBIETA,36
16,OPOLSKIE,ANTONINA,KOBIETA,34
16,OPOLSKIE,ANASTAZJA,KOBIETA,29
16,OPOLSKIE,KAROLINA,KOBIETA,29
16,OPOLSKIE,MONIKA,KOBIETA,28
16,OPOLSKIE,OLIWIA,KOBIETA,28
16,OPOLSKIE,PAULINA,KOBIETA,28
16,OPOLSKIE,AGATA,KOBIETA,27
16,OPOLSKIE,MAJA,KOBIETA,26
16,OPOLSKIE,WERONIKA,KOBIETA,26
16,OPOLSKIE,LAURA,KOBIETA,24
16,OPOLSKIE,KLARA,KOBIETA,23
16,OPOLSKIE,JADWIGA,KOBIETA,22
16,OPOLSKIE,DOROTA,KOBIETA,21
16,OPOLSKIE,JUSTYNA,KOBIETA,20
16,OPOLSKIE,URSZULA,KOBIETA,19
16,OPOLSKIE,JANINA,KOBIETA,18
16,OPOLSKIE,KINGA,KOBIETA,18
16,OPOLSKIE,MARTYNA,KOBIETA,18
16,OPOLSKIE,IWONA,KOBIETA,17
16,OPOLSKIE,AMELIA,KOBIETA,16
16,OPOLSKIE,LENA,KOBIETA,16
16,OPOLSKIE,MICHALINA,KOBIETA,16
16,OPOLSKIE,RÓŻA,KOBIETA,16
16,OPOLSKIE,ANIELA,KOBIETA,15
16,OPOLSKIE,JAGODA,KOBIETA,15
16,OPOLSKIE,KAMILA,KOBIETA,15
16,OPOLSKIE,DANUTA,KOBIETA,14
16,OPOLSKIE,IRENA,KOBIETA,14
16,OPOLSKIE,JOLANTA,KOBIETA,14
16,OPOLSKIE,NIKOLA,KOBIETA,14
16,OPOLSKIE,STEFANIA,KOBIETA,14
16,OPOLSKIE,DOMINIKA,KOBIETA,13
16,OPOLSKIE,NADIA,KOBIETA,13
16,OPOLSKIE,RITA,KOBIETA,13
16,OPOLSKIE,ROZALIA,KOBIETA,13
16,OPOLSKIE,MILENA,KOBIETA,12
16,OPOLSKIE,PATRYCJA,KOBIETA,12
16,OPOLSKIE,POLA,KOBIETA,12
16,OPOLSKIE,EWELINA,KOBIETA,11
16,OPOLSKIE,GABRIELA,KOBIETA,11
16,OPOLSKIE,IZABELA,KOBIETA,11
16,OPOLSKIE,LILIANA,KOBIETA,11
16,OPOLSKIE,NINA,KOBIETA,11
16,OPOLSKIE,RENATA,KOBIETA,11
16,OPOLSKIE,ANETA,KOBIETA,10
16,OPOLSKIE,BEATA,KOBIETA,10
16,OPOLSKIE,HALINA,KOBIETA,10
16,OPOLSKIE,KAJA,KOBIETA,10
16,OPOLSKIE,KLAUDIA,KOBIETA,10
16,OPOLSKIE,MARCELINA,KOBIETA,10
16,OPOLSKIE,MATYLDA,KOBIETA,10
16,OPOLSKIE,SYLWIA,KOBIETA,10
16,OPOLSKIE,STANISŁAWA,KOBIETA,9
16,OPOLSKIE,WANDA,KOBIETA,9
16,OPOLSKIE,ALINA,KOBIETA,8
16,OPOLSKIE,BLANKA,KOBIETA,8
16,OPOLSKIE,CECYLIA,KOBIETA,8
16,OPOLSKIE,FAUSTYNA,KOBIETA,8
16,OPOLSKIE,GRAŻYNA,KOBIETA,8
16,OPOLSKIE,BOŻENA,KOBIETA,7
16,OPOLSKIE,MIA,KOBIETA,7
16,OPOLSKIE,REGINA,KOBIETA,7
16,OPOLSKIE,SANDRA,KOBIETA,7
16,OPOLSKIE,DAGMARA,KOBIETA,6
16,OPOLSKIE,LILIANNA,KOBIETA,6
16,OPOLSKIE,MARIANNA,KOBIETA,6
16,OPOLSKIE,ANGELIKA,KOBIETA,5
16,OPOLSKIE,AURELIA,KOBIETA,5
16,OPOLSKIE,BOGUMIŁA,KOBIETA,5
16,OPOLSKIE,EDYTA,KOBIETA,5
16,OPOLSKIE,FRANCISZKA,KOBIETA,5
16,OPOLSKIE,GAJA,KOBIETA,5
16,OPOLSKIE,MARLENA,KOBIETA,5
16,OPOLSKIE,SABINA,KOBIETA,5
16,OPOLSKIE,SARA,KOBIETA,5
16,OPOLSKIE,DARIA,KOBIETA,4
16,OPOLSKIE,DIANA,KOBIETA,4
16,OPOLSKIE,ELENA,KOBIETA,4
16,OPOLSKIE,ELIZA,KOBIETA,4
16,OPOLSKIE,KALINA,KOBIETA,4
16,OPOLSKIE,KORNELIA,KOBIETA,4
16,OPOLSKIE,LEOKADIA,KOBIETA,4
16,OPOLSKIE,LUIZA,KOBIETA,4
16,OPOLSKIE,MARIOLA,KOBIETA,4
16,OPOLSKIE,MARZENA,KOBIETA,4
16,OPOLSKIE,MELANIA,KOBIETA,4
16,OPOLSKIE,OLIVIA,KOBIETA,4
16,OPOLSKIE,VICTORIA,KOBIETA,4
16,OPOLSKIE,WŁADYSŁAWA,KOBIETA,4
16,OPOLSKIE,ADELA,KOBIETA,3
16,OPOLSKIE,ADRIANNA,KOBIETA,3
16,OPOLSKIE,APOLONIA,KOBIETA,3
16,OPOLSKIE,BERNADETA,KOBIETA,3
16,OPOLSKIE,BOGUSŁAWA,KOBIETA,3
16,OPOLSKIE,BRYGIDA,KOBIETA,3
16,OPOLSKIE,EMMA,KOBIETA,3
16,OPOLSKIE,EVA,KOBIETA,3
16,OPOLSKIE,KSENIA,KOBIETA,3
16,OPOLSKIE,LIDIA,KOBIETA,3
16,OPOLSKIE,LUDWIKA,KOBIETA,3
16,OPOLSKIE,MALWINA,KOBIETA,3
16,OPOLSKIE,MIROSŁAWA,KOBIETA,3
16,OPOLSKIE,PAULA,KOBIETA,3
16,OPOLSKIE,ROKSANA,KOBIETA,3
16,OPOLSKIE,SONIA,KOBIETA,3
16,OPOLSKIE,ŻANETA,KOBIETA,3
16,OPOLSKIE,ADRIANA,KOBIETA,2
16,OPOLSKIE,ANDŻELIKA,KOBIETA,2
16,OPOLSKIE,ANTONIA,KOBIETA,2
16,OPOLSKIE,BIANKA,KOBIETA,2
16,OPOLSKIE,DANIELA,KOBIETA,2
16,OPOLSKIE,GERTRUDA,KOBIETA,2
16,OPOLSKIE,GIZELA,KOBIETA,2
16,OPOLSKIE,HONORATA,KOBIETA,2
16,OPOLSKIE,IDA,KOBIETA,2
16,OPOLSKIE,IGA,KOBIETA,2
16,OPOLSKIE,JÓZEFINA,KOBIETA,2
16,OPOLSKIE,JUDYTA,KOBIETA,2
16,OPOLSKIE,JULITA,KOBIETA,2
16,OPOLSKIE,KARINA,KOBIETA,2
16,OPOLSKIE,KAZIMIERA,KOBIETA,2
16,OPOLSKIE,KLEMENTYNA,KOBIETA,2
16,OPOLSKIE,LUDMIŁA,KOBIETA,2
16,OPOLSKIE,MALINA,KOBIETA,2
16,OPOLSKIE,NATASZA,KOBIETA,2
16,OPOLSKIE,NOEMI,KOBIETA,2
16,OPOLSKIE,OLGA,KOBIETA,2
16,OPOLSKIE,OTYLIA,KOBIETA,2
16,OPOLSKIE,VANESSA,KOBIETA,2
16,OPOLSKIE,VIOLETTA,KOBIETA,2
16,OPOLSKIE,WIESŁAWA,KOBIETA,2
16,OPOLSKIE,WIOLETA,KOBIETA,2
18,PODKARPACKIE,MARIA,KOBIETA,748
18,PODKARPACKIE,ANNA,KOBIETA,409
18,PODKARPACKIE,ZOFIA,KOBIETA,250
18,PODKARPACKIE,JULIA,KOBIETA,134
18,PODKARPACKIE,WERONIKA,KOBIETA,125
18,PODKARPACKIE,MAGDALENA,KOBIETA,120
18,PODKARPACKIE,WIKTORIA,KOBIETA,114
18,PODKARPACKIE,HELENA,KOBIETA,110
18,PODKARPACKIE,KATARZYNA,KOBIETA,107
18,PODKARPACKIE,ŁUCJA,KOBIETA,107
18,PODKARPACKIE,ALEKSANDRA,KOBIETA,100
18,PODKARPACKIE,RITA,KOBIETA,92
18,PODKARPACKIE,EMILIA,KOBIETA,89
18,PODKARPACKIE,LAURA,KOBIETA,81
18,PODKARPACKIE,KAROLINA,KOBIETA,79
18,PODKARPACKIE,ALICJA,KOBIETA,78
18,PODKARPACKIE,ZUZANNA,KOBIETA,66
18,PODKARPACKIE,BARBARA,KOBIETA,64
18,PODKARPACKIE,EWA,KOBIETA,63
18,PODKARPACKIE,MAŁGORZATA,KOBIETA,61
18,PODKARPACKIE,ANTONINA,KOBIETA,59
18,PODKARPACKIE,TERESA,KOBIETA,55
18,PODKARPACKIE,KINGA,KOBIETA,53
18,PODKARPACKIE,KRYSTYNA,KOBIETA,53
18,PODKARPACKIE,FAUSTYNA,KOBIETA,52
18,PODKARPACKIE,JANINA,KOBIETA,52
18,PODKARPACKIE,ELŻBIETA,KOBIETA,49
18,PODKARPACKIE,JOANNA,KOBIETA,47
18,PODKARPACKIE,DANUTA,KOBIETA,45
18,PODKARPACKIE,MAJA,KOBIETA,45
18,PODKARPACKIE,AGNIESZKA,KOBIETA,42
18,PODKARPACKIE,MICHALINA,KOBIETA,42
18,PODKARPACKIE,KLARA,KOBIETA,41
18,PODKARPACKIE,HANNA,KOBIETA,37
18,PODKARPACKIE,MONIKA,KOBIETA,37
18,PODKARPACKIE,GABRIELA,KOBIETA,36
18,PODKARPACKIE,OLIWIA,KOBIETA,36
18,PODKARPACKIE,ANIELA,KOBIETA,35
18,PODKARPACKIE,ANASTAZJA,KOBIETA,33
18,PODKARPACKIE,NATALIA,KOBIETA,33
18,PODKARPACKIE,STEFANIA,KOBIETA,30
18,PODKARPACKIE,LENA,KOBIETA,29
18,PODKARPACKIE,ROZALIA,KOBIETA,29
18,PODKARPACKIE,RÓŻA,KOBIETA,28
18,PODKARPACKIE,AGATA,KOBIETA,27
18,PODKARPACKIE,MARTA,KOBIETA,27
18,PODKARPACKIE,DOROTA,KOBIETA,26
18,PODKARPACKIE,IZABELA,KOBIETA,26
18,PODKARPACKIE,AMELIA,KOBIETA,24
18,PODKARPACKIE,MARCELINA,KOBIETA,23
18,PODKARPACKIE,STANISŁAWA,KOBIETA,23
18,PODKARPACKIE,PAULINA,KOBIETA,22
18,PODKARPACKIE,DOMINIKA,KOBIETA,21
18,PODKARPACKIE,JADWIGA,KOBIETA,21
18,PODKARPACKIE,KAMILA,KOBIETA,20
18,PODKARPACKIE,LILIANA,KOBIETA,20
18,PODKARPACKIE,NADIA,KOBIETA,20
18,PODKARPACKIE,IRENA,KOBIETA,19
18,PODKARPACKIE,KORNELIA,KOBIETA,18
18,PODKARPACKIE,NIKOLA,KOBIETA,18
18,PODKARPACKIE,PATRYCJA,KOBIETA,18
18,PODKARPACKIE,SARA,KOBIETA,18
18,PODKARPACKIE,BEATA,KOBIETA,17
18,PODKARPACKIE,URSZULA,KOBIETA,17
18,PODKARPACKIE,KLAUDIA,KOBIETA,16
18,PODKARPACKIE,LUCYNA,KOBIETA,16
18,PODKARPACKIE,MILENA,KOBIETA,16
18,PODKARPACKIE,POLA,KOBIETA,15
18,PODKARPACKIE,BLANKA,KOBIETA,14
18,PODKARPACKIE,HALINA,KOBIETA,14
18,PODKARPACKIE,IWONA,KOBIETA,14
18,PODKARPACKIE,JAGODA,KOBIETA,14
18,PODKARPACKIE,MARTYNA,KOBIETA,14
18,PODKARPACKIE,WANDA,KOBIETA,14
18,PODKARPACKIE,BOŻENA,KOBIETA,13
18,PODKARPACKIE,EWELINA,KOBIETA,13
18,PODKARPACKIE,JÓZEFA,KOBIETA,13
18,PODKARPACKIE,SYLWIA,KOBIETA,13
18,PODKARPACKIE,DARIA,KOBIETA,12
18,PODKARPACKIE,GRAŻYNA,KOBIETA,12
18,PODKARPACKIE,JOLANTA,KOBIETA,12
18,PODKARPACKIE,MARIANNA,KOBIETA,12
18,PODKARPACKIE,NINA,KOBIETA,12
18,PODKARPACKIE,ADRIANNA,KOBIETA,11
18,PODKARPACKIE,ELIZA,KOBIETA,11
18,PODKARPACKIE,JUSTYNA,KOBIETA,11
18,PODKARPACKIE,RENATA,KOBIETA,11
18,PODKARPACKIE,ALINA,KOBIETA,10
18,PODKARPACKIE,CECYLIA,KOBIETA,10
18,PODKARPACKIE,KAZIMIERA,KOBIETA,9
18,PODKARPACKIE,MATYLDA,KOBIETA,9
18,PODKARPACKIE,AURELIA,KOBIETA,8
18,PODKARPACKIE,FRANCISZKA,KOBIETA,8
18,PODKARPACKIE,GAJA,KOBIETA,8
18,PODKARPACKIE,IGA,KOBIETA,8
18,PODKARPACKIE,JÓZEFINA,KOBIETA,8
18,PODKARPACKIE,LIDIA,KOBIETA,8
18,PODKARPACKIE,MIA,KOBIETA,8
18,PODKARPACKIE,MARZENA,KOBIETA,7
18,PODKARPACKIE,NELA,KOBIETA,7
18,PODKARPACKIE,WIOLETTA,KOBIETA,7
18,PODKARPACKIE,BERNADETA,KOBIETA,6
18,PODKARPACKIE,BRYGIDA,KOBIETA,6
18,PODKARPACKIE,KAJA,KOBIETA,6
18,PODKARPACKIE,KONSTANCJA,KOBIETA,6
18,PODKARPACKIE,ADELA,KOBIETA,5
18,PODKARPACKIE,APOLONIA,KOBIETA,5
18,PODKARPACKIE,BOGUMIŁA,KOBIETA,5
18,PODKARPACKIE,EDYTA,KOBIETA,5
18,PODKARPACKIE,FELICJA,KOBIETA,5
18,PODKARPACKIE,GLORIA,KOBIETA,5
18,PODKARPACKIE,KARINA,KOBIETA,5
18,PODKARPACKIE,OLGA,KOBIETA,5
18,PODKARPACKIE,SABINA,KOBIETA,5
18,PODKARPACKIE,ANETA,KOBIETA,4
18,PODKARPACKIE,BERNADETTA,KOBIETA,4
18,PODKARPACKIE,ELENA,KOBIETA,4
18,PODKARPACKIE,LUDWIKA,KOBIETA,4
18,PODKARPACKIE,MARIOLA,KOBIETA,4
18,PODKARPACKIE,ANDŻELIKA,KOBIETA,3
18,PODKARPACKIE,ANGELIKA,KOBIETA,3
18,PODKARPACKIE,ANITA,KOBIETA,3
18,PODKARPACKIE,BRONISŁAWA,KOBIETA,3
18,PODKARPACKIE,DAGMARA,KOBIETA,3
18,PODKARPACKIE,EUGENIA,KOBIETA,3
18,PODKARPACKIE,HIACYNTA,KOBIETA,3
18,PODKARPACKIE,JUDYTA,KOBIETA,3
18,PODKARPACKIE,KLEMENTYNA,KOBIETA,3
18,PODKARPACKIE,MALWINA,KOBIETA,3
18,PODKARPACKIE,NADZIEJA,KOBIETA,3
18,PODKARPACKIE,NICOLA,KOBIETA,3
18,PODKARPACKIE,OLIVIA,KOBIETA,3
18,PODKARPACKIE,ROKSANA,KOBIETA,3
18,PODKARPACKIE,WIESŁAWA,KOBIETA,3
18,PODKARPACKIE,ZENOBIA,KOBIETA,3
18,PODKARPACKIE,ALDONA,KOBIETA,2
18,PODKARPACKIE,BALBINA,KOBIETA,2
18,PODKARPACKIE,BIANKA,KOBIETA,2
18,PODKARPACKIE,BOGUSŁAWA,KOBIETA,2
18,PODKARPACKIE,CELINA,KOBIETA,2
18,PODKARPACKIE,CZESŁAWA,KOBIETA,2
18,PODKARPACKIE,DANIELA,KOBIETA,2
18,PODKARPACKIE,DIANA,KOBIETA,2
18,PODKARPACKIE,ESTERA,KOBIETA,2
18,PODKARPACKIE,GENOWEFA,KOBIETA,2
18,PODKARPACKIE,HONORATA,KOBIETA,2
18,PODKARPACKIE,INGA,KOBIETA,2
18,PODKARPACKIE,JAGNA,KOBIETA,2
18,PODKARPACKIE,JAŚMINA,KOBIETA,2
18,PODKARPACKIE,JULITA,KOBIETA,2
18,PODKARPACKIE,KALINA,KOBIETA,2
18,PODKARPACKIE,KSENIA,KOBIETA,2
18,PODKARPACKIE,LEA,KOBIETA,2
18,PODKARPACKIE,LILIA,KOBIETA,2
18,PODKARPACKIE,LILIANNA,KOBIETA,2
18,PODKARPACKIE,MARCJANNA,KOBIETA,2
18,PODKARPACKIE,MARGARET,KOBIETA,2
18,PODKARPACKIE,MARIETTA,KOBIETA,2
18,PODKARPACKIE,MARIKA,KOBIETA,2
18,PODKARPACKIE,MARLENA,KOBIETA,2
18,PODKARPACKIE,MELANIA,KOBIETA,2
18,PODKARPACKIE,MIRIAM,KOBIETA,2
18,PODKARPACKIE,PAULA,KOBIETA,2
18,PODKARPACKIE,REGINA,KOBIETA,2
18,PODKARPACKIE,SANDRA,KOBIETA,2
18,PODKARPACKIE,SOFIA,KOBIETA,2
18,PODKARPACKIE,SONIA,KOBIETA,2
18,PODKARPACKIE,WALERIA,KOBIETA,2
20,PODLASKIE,MARIA,KOBIETA,41
20,PODLASKIE,ANNA,KOBIETA,28
20,PODLASKIE,EWA,KOBIETA,11
20,PODLASKIE,WIKTORIA,KOBIETA,9
20,PODLASKIE,ZOFIA,KOBIETA,9
20,PODLASKIE,JULIA,KOBIETA,8
20,PODLASKIE,RITA,KOBIETA,8
20,PODLASKIE,ANTONINA,KOBIETA,7
20,PODLASKIE,MAŁGORZATA,KOBIETA,7
20,PODLASKIE,RÓŻA,KOBIETA,7
20,PODLASKIE,JOANNA,KOBIETA,6
20,PODLASKIE,KATARZYNA,KOBIETA,6
20,PODLASKIE,KRYSTYNA,KOBIETA,6
20,PODLASKIE,ZUZANNA,KOBIETA,6
20,PODLASKIE,ALEKSANDRA,KOBIETA,5
20,PODLASKIE,ANASTAZJA,KOBIETA,5
20,PODLASKIE,BARBARA,KOBIETA,5
20,PODLASKIE,BLANKA,KOBIETA,5
20,PODLASKIE,GABRIELA,KOBIETA,5
20,PODLASKIE,ALICJA,KOBIETA,4
20,PODLASKIE,KAROLINA,KOBIETA,4
20,PODLASKIE,MAJA,KOBIETA,4
20,PODLASKIE,PAULINA,KOBIETA,4
20,PODLASKIE,WERONIKA,KOBIETA,4
20,PODLASKIE,EMILIA,KOBIETA,3
20,PODLASKIE,EWELINA,KOBIETA,3
20,PODLASKIE,HANNA,KOBIETA,3
20,PODLASKIE,HELENA,KOBIETA,3
20,PODLASKIE,IGA,KOBIETA,3
20,PODLASKIE,KINGA,KOBIETA,3
20,PODLASKIE,LAURA,KOBIETA,3
20,PODLASKIE,MIROSŁAWA,KOBIETA,3
20,PODLASKIE,SABINA,KOBIETA,3
20,PODLASKIE,SARA,KOBIETA,3
20,PODLASKIE,ANIELA,KOBIETA,2
20,PODLASKIE,AURELIA,KOBIETA,2
20,PODLASKIE,BOŻENA,KOBIETA,2
20,PODLASKIE,EUGENIA,KOBIETA,2
20,PODLASKIE,FAUSTYNA,KOBIETA,2
20,PODLASKIE,IRENA,KOBIETA,2
20,PODLASKIE,JADWIGA,KOBIETA,2
20,PODLASKIE,JANINA,KOBIETA,2
20,PODLASKIE,JÓZEFA,KOBIETA,2
20,PODLASKIE,JÓZEFINA,KOBIETA,2
20,PODLASKIE,JULIANNA,KOBIETA,2
20,PODLASKIE,KAMILA,KOBIETA,2
20,PODLASKIE,KLARA,KOBIETA,2
20,PODLASKIE,LENA,KOBIETA,2
20,PODLASKIE,LIDIA,KOBIETA,2
20,PODLASKIE,ŁUCJA,KOBIETA,2
20,PODLASKIE,MAGDALENA,KOBIETA,2
20,PODLASKIE,MARIANNA,KOBIETA,2
20,PODLASKIE,MATYLDA,KOBIETA,2
20,PODLASKIE,MICHALINA,KOBIETA,2
20,PODLASKIE,NADZIEJA,KOBIETA,2
20,PODLASKIE,NINA,KOBIETA,2
20,PODLASKIE,ROMA,KOBIETA,2
20,PODLASKIE,ROZALIA,KOBIETA,2
20,PODLASKIE,STANISŁAWA,KOBIETA,2
22,POMORSKIE,MARIA,KOBIETA,569
22,POMORSKIE,ANNA,KOBIETA,449
22,POMORSKIE,MAGDALENA,KOBIETA,175
22,POMORSKIE,ZOFIA,KOBIETA,155
22,POMORSKIE,HELENA,KOBIETA,142
22,POMORSKIE,EWA,KOBIETA,138
22,POMORSKIE,ALEKSANDRA,KOBIETA,127
22,POMORSKIE,MAŁGORZATA,KOBIETA,121
22,POMORSKIE,WIKTORIA,KOBIETA,117
22,POMORSKIE,KATARZYNA,KOBIETA,105
22,POMORSKIE,BARBARA,KOBIETA,104
22,POMORSKIE,TERESA,KOBIETA,101
22,POMORSKIE,AGNIESZKA,KOBIETA,99
22,POMORSKIE,ELŻBIETA,KOBIETA,95
22,POMORSKIE,NATALIA,KOBIETA,95
22,POMORSKIE,WERONIKA,KOBIETA,89
22,POMORSKIE,JULIA,KOBIETA,87
22,POMORSKIE,ŁUCJA,KOBIETA,86
22,POMORSKIE,HANNA,KOBIETA,85
22,POMORSKIE,KRYSTYNA,KOBIETA,84
22,POMORSKIE,JOANNA,KOBIETA,83
22,POMORSKIE,ALICJA,KOBIETA,82
22,POMORSKIE,ZUZANNA,KOBIETA,81
22,POMORSKIE,MARTA,KOBIETA,73
22,POMORSKIE,JADWIGA,KOBIETA,72
22,POMORSKIE,IRENA,KOBIETA,71
22,POMORSKIE,KAROLINA,KOBIETA,66
22,POMORSKIE,MAJA,KOBIETA,63
22,POMORSKIE,LAURA,KOBIETA,62
22,POMORSKIE,DOROTA,KOBIETA,59
22,POMORSKIE,ANTONINA,KOBIETA,57
22,POMORSKIE,JANINA,KOBIETA,55
22,POMORSKIE,ANASTAZJA,KOBIETA,54
22,POMORSKIE,DANUTA,KOBIETA,51
22,POMORSKIE,PAULINA,KOBIETA,50
22,POMORSKIE,MONIKA,KOBIETA,49
22,POMORSKIE,URSZULA,KOBIETA,49
22,POMORSKIE,EMILIA,KOBIETA,48
22,POMORSKIE,KLARA,KOBIETA,48
22,POMORSKIE,AGATA,KOBIETA,46
22,POMORSKIE,OLIWIA,KOBIETA,45
22,POMORSKIE,KINGA,KOBIETA,43
22,POMORSKIE,MARIANNA,KOBIETA,43
22,POMORSKIE,PATRYCJA,KOBIETA,43
22,POMORSKIE,ANIELA,KOBIETA,40
22,POMORSKIE,GABRIELA,KOBIETA,40
22,POMORSKIE,BEATA,KOBIETA,39
22,POMORSKIE,DOMINIKA,KOBIETA,38
22,POMORSKIE,LENA,KOBIETA,38
22,POMORSKIE,MICHALINA,KOBIETA,38
22,POMORSKIE,AMELIA,KOBIETA,35
22,POMORSKIE,DARIA,KOBIETA,33
22,POMORSKIE,IZABELA,KOBIETA,33
22,POMORSKIE,MARCELINA,KOBIETA,33
22,POMORSKIE,STEFANIA,KOBIETA,33
22,POMORSKIE,JUSTYNA,KOBIETA,32
22,POMORSKIE,RÓŻA,KOBIETA,32
22,POMORSKIE,WANDA,KOBIETA,32
22,POMORSKIE,GRAŻYNA,KOBIETA,30
22,POMORSKIE,KORNELIA,KOBIETA,28
22,POMORSKIE,MARTYNA,KOBIETA,26
22,POMORSKIE,HALINA,KOBIETA,25
22,POMORSKIE,KLAUDIA,KOBIETA,25
22,POMORSKIE,RITA,KOBIETA,25
22,POMORSKIE,JOLANTA,KOBIETA,24
22,POMORSKIE,IWONA,KOBIETA,23
22,POMORSKIE,ROZALIA,KOBIETA,23
22,POMORSKIE,FAUSTYNA,KOBIETA,21
22,POMORSKIE,BOŻENA,KOBIETA,20
22,POMORSKIE,KAMILA,KOBIETA,20
22,POMORSKIE,NADIA,KOBIETA,20
22,POMORSKIE,IGA,KOBIETA,19
22,POMORSKIE,JAGODA,KOBIETA,19
22,POMORSKIE,LIDIA,KOBIETA,18
22,POMORSKIE,EWELINA,KOBIETA,17
22,POMORSKIE,LUCYNA,KOBIETA,17
22,POMORSKIE,ELIZA,KOBIETA,16
22,POMORSKIE,LILIANA,KOBIETA,16
22,POMORSKIE,POLA,KOBIETA,16
22,POMORSKIE,REGINA,KOBIETA,16
22,POMORSKIE,BOGUMIŁA,KOBIETA,15
22,POMORSKIE,MIROSŁAWA,KOBIETA,15
22,POMORSKIE,NIKOLA,KOBIETA,15
22,POMORSKIE,ANETA,KOBIETA,14
22,POMORSKIE,BLANKA,KOBIETA,14
22,POMORSKIE,FELICJA,KOBIETA,14
22,POMORSKIE,LILIANNA,KOBIETA,14
22,POMORSKIE,MIA,KOBIETA,14
22,POMORSKIE,MARIOLA,KOBIETA,13
22,POMORSKIE,MARZENA,KOBIETA,13
22,POMORSKIE,MILENA,KOBIETA,13
22,POMORSKIE,RENATA,KOBIETA,13
22,POMORSKIE,SANDRA,KOBIETA,13
22,POMORSKIE,ADRIANNA,KOBIETA,12
22,POMORSKIE,OLGA,KOBIETA,12
22,POMORSKIE,SARA,KOBIETA,12
22,POMORSKIE,WIOLETTA,KOBIETA,12
22,POMORSKIE,ALINA,KOBIETA,11
22,POMORSKIE,EDYTA,KOBIETA,11
22,POMORSKIE,NINA,KOBIETA,10
22,POMORSKIE,SYLWIA,KOBIETA,10
22,POMORSKIE,APOLONIA,KOBIETA,9
22,POMORSKIE,BERNADETA,KOBIETA,9
22,POMORSKIE,FRANCISZKA,KOBIETA,9
22,POMORSKIE,GAJA,KOBIETA,9
22,POMORSKIE,WIESŁAWA,KOBIETA,9
22,POMORSKIE,DAGMARA,KOBIETA,8
22,POMORSKIE,IDA,KOBIETA,8
22,POMORSKIE,JÓZEFA,KOBIETA,8
22,POMORSKIE,KAJA,KOBIETA,8
22,POMORSKIE,WIOLETA,KOBIETA,8
22,POMORSKIE,AURELIA,KOBIETA,7
22,POMORSKIE,DIANA,KOBIETA,7
22,POMORSKIE,JULIANNA,KOBIETA,7
22,POMORSKIE,LIWIA,KOBIETA,7
22,POMORSKIE,MATYLDA,KOBIETA,7
22,POMORSKIE,MELANIA,KOBIETA,7
22,POMORSKIE,STANISŁAWA,KOBIETA,7
22,POMORSKIE,AURORA,KOBIETA,6
22,POMORSKIE,CECYLIA,KOBIETA,6
22,POMORSKIE,ESTERA,KOBIETA,6
22,POMORSKIE,KALINA,KOBIETA,6
22,POMORSKIE,KAZIMIERA,KOBIETA,6
22,POMORSKIE,LEOKADIA,KOBIETA,6
22,POMORSKIE,MARLENA,KOBIETA,6
22,POMORSKIE,ROKSANA,KOBIETA,6
22,POMORSKIE,SOFIA,KOBIETA,6
22,POMORSKIE,ANITA,KOBIETA,5
22,POMORSKIE,BIANKA,KOBIETA,5
22,POMORSKIE,HENRYKA,KOBIETA,5
22,POMORSKIE,HONORATA,KOBIETA,5
22,POMORSKIE,JÓZEFINA,KOBIETA,5
22,POMORSKIE,KARINA,KOBIETA,5
22,POMORSKIE,MALWINA,KOBIETA,5
22,POMORSKIE,NELA,KOBIETA,5
22,POMORSKIE,ADELA,KOBIETA,4
22,POMORSKIE,ANGELIKA,KOBIETA,4
22,POMORSKIE,BOGUSŁAWA,KOBIETA,4
22,POMORSKIE,JULITA,KOBIETA,4
22,POMORSKIE,KONSTANCJA,KOBIETA,4
22,POMORSKIE,MAGDA,KOBIETA,4
22,POMORSKIE,MARIKA,KOBIETA,4
22,POMORSKIE,PAULA,KOBIETA,4
22,POMORSKIE,SOPHIA,KOBIETA,4
22,POMORSKIE,VICTORIA,KOBIETA,4
22,POMORSKIE,WALENTYNA,KOBIETA,4
22,POMORSKIE,WŁADYSŁAWA,KOBIETA,4
22,POMORSKIE,BRYGIDA,KOBIETA,3
22,POMORSKIE,CELINA,KOBIETA,3
22,POMORSKIE,CZESŁAWA,KOBIETA,3
22,POMORSKIE,EMMA,KOBIETA,3
22,POMORSKIE,ERYKA,KOBIETA,3
22,POMORSKIE,EUGENIA,KOBIETA,3
22,POMORSKIE,GENOWEFA,KOBIETA,3
22,POMORSKIE,JAGNA,KOBIETA,3
22,POMORSKIE,JUDYTA,KOBIETA,3
22,POMORSKIE,LARYSA,KOBIETA,3
22,POMORSKIE,LILIA,KOBIETA,3
22,POMORSKIE,LUIZA,KOBIETA,3
22,POMORSKIE,MALINA,KOBIETA,3
22,POMORSKIE,NAWOJKA,KOBIETA,3
22,POMORSKIE,OKTAWIA,KOBIETA,3
22,POMORSKIE,OTYLIA,KOBIETA,3
22,POMORSKIE,PELAGIA,KOBIETA,3
22,POMORSKIE,SABINA,KOBIETA,3
22,POMORSKIE,TATIANA,KOBIETA,3
22,POMORSKIE,ALBINA,KOBIETA,2
22,POMORSKIE,ANTONIA,KOBIETA,2
22,POMORSKIE,ARIA,KOBIETA,2
22,POMORSKIE,AYLA,KOBIETA,2
22,POMORSKIE,DAJANA,KOBIETA,2
22,POMORSKIE,DANIELA,KOBIETA,2
22,POMORSKIE,DOBRAWA,KOBIETA,2
22,POMORSKIE,ELEONORA,KOBIETA,2
22,POMORSKIE,ELIF,KOBIETA,2
22,POMORSKIE,ELISABETH,KOBIETA,2
22,POMORSKIE,FATIMA,KOBIETA,2
22,POMORSKIE,FILOMENA,KOBIETA,2
22,POMORSKIE,GLORIA,KOBIETA,2
22,POMORSKIE,HIACYNTA,KOBIETA,2
22,POMORSKIE,ISABELLA,KOBIETA,2
22,POMORSKIE,IZABELLA,KOBIETA,2
22,POMORSKIE,LEA,KOBIETA,2
22,POMORSKIE,LUDWIKA,KOBIETA,2
22,POMORSKIE,LUNA,KOBIETA,2
22,POMORSKIE,MARIETTA,KOBIETA,2
22,POMORSKIE,NADZIEJA,KOBIETA,2
22,POMORSKIE,NATASZA,KOBIETA,2
22,POMORSKIE,NOEMI,KOBIETA,2
22,POMORSKIE,RAISA,KOBIETA,2
22,POMORSKIE,SONIA,KOBIETA,2
22,POMORSKIE,SOPHIE,KOBIETA,2
22,POMORSKIE,ZOJA,KOBIETA,2
22,POMORSKIE,ŻANETA,KOBIETA,2
24,ŚLĄSKIE,MARIA,KOBIETA,1294
24,ŚLĄSKIE,ANNA,KOBIETA,1076
24,ŚLĄSKIE,MAGDALENA,KOBIETA,495
24,ŚLĄSKIE,KATARZYNA,KOBIETA,401
24,ŚLĄSKIE,ZOFIA,KOBIETA,378
24,ŚLĄSKIE,BARBARA,KOBIETA,364
24,ŚLĄSKIE,ALEKSANDRA,KOBIETA,351
24,ŚLĄSKIE,JULIA,KOBIETA,322
24,ŚLĄSKIE,WIKTORIA,KOBIETA,316
24,ŚLĄSKIE,MAŁGORZATA,KOBIETA,312
24,ŚLĄSKIE,EWA,KOBIETA,287
24,ŚLĄSKIE,AGNIESZKA,KOBIETA,280
24,ŚLĄSKIE,HELENA,KOBIETA,268
24,ŚLĄSKIE,ALICJA,KOBIETA,264
24,ŚLĄSKIE,NATALIA,KOBIETA,261
24,ŚLĄSKIE,KAROLINA,KOBIETA,254
24,ŚLĄSKIE,JOANNA,KOBIETA,253
24,ŚLĄSKIE,MARTA,KOBIETA,251
24,ŚLĄSKIE,EMILIA,KOBIETA,243
24,ŚLĄSKIE,ŁUCJA,KOBIETA,233
24,ŚLĄSKIE,ELŻBIETA,KOBIETA,207
24,ŚLĄSKIE,WERONIKA,KOBIETA,206
24,ŚLĄSKIE,ZUZANNA,KOBIETA,203
24,ŚLĄSKIE,LAURA,KOBIETA,195
24,ŚLĄSKIE,OLIWIA,KOBIETA,191
24,ŚLĄSKIE,MONIKA,KOBIETA,181
24,ŚLĄSKIE,PAULINA,KOBIETA,167
24,ŚLĄSKIE,KRYSTYNA,KOBIETA,165
24,ŚLĄSKIE,MAJA,KOBIETA,165
24,ŚLĄSKIE,AGATA,KOBIETA,150
24,ŚLĄSKIE,ANTONINA,KOBIETA,148
24,ŚLĄSKIE,TERESA,KOBIETA,140
24,ŚLĄSKIE,AMELIA,KOBIETA,136
24,ŚLĄSKIE,HANNA,KOBIETA,136
24,ŚLĄSKIE,ANASTAZJA,KOBIETA,128
24,ŚLĄSKIE,PATRYCJA,KOBIETA,124
24,ŚLĄSKIE,KINGA,KOBIETA,118
24,ŚLĄSKIE,DOROTA,KOBIETA,115
24,ŚLĄSKIE,JUSTYNA,KOBIETA,115
24,ŚLĄSKIE,JADWIGA,KOBIETA,112
24,ŚLĄSKIE,LENA,KOBIETA,111
24,ŚLĄSKIE,DOMINIKA,KOBIETA,110
24,ŚLĄSKIE,MICHALINA,KOBIETA,109
24,ŚLĄSKIE,KLARA,KOBIETA,108
24,ŚLĄSKIE,DANUTA,KOBIETA,106
24,ŚLĄSKIE,GABRIELA,KOBIETA,105
24,ŚLĄSKIE,JANINA,KOBIETA,104
24,ŚLĄSKIE,IRENA,KOBIETA,103
24,ŚLĄSKIE,MARTYNA,KOBIETA,103
24,ŚLĄSKIE,BEATA,KOBIETA,101
24,ŚLĄSKIE,RÓŻA,KOBIETA,91
24,ŚLĄSKIE,URSZULA,KOBIETA,90
24,ŚLĄSKIE,IZABELA,KOBIETA,78
24,ŚLĄSKIE,KLAUDIA,KOBIETA,78
24,ŚLĄSKIE,KAMILA,KOBIETA,75
24,ŚLĄSKIE,ANIELA,KOBIETA,74
24,ŚLĄSKIE,JOLANTA,KOBIETA,74
24,ŚLĄSKIE,RITA,KOBIETA,74
24,ŚLĄSKIE,LIDIA,KOBIETA,72
24,ŚLĄSKIE,EWELINA,KOBIETA,71
24,ŚLĄSKIE,HALINA,KOBIETA,71
24,ŚLĄSKIE,JAGODA,KOBIETA,71
24,ŚLĄSKIE,MARCELINA,KOBIETA,70
24,ŚLĄSKIE,MARIANNA,KOBIETA,69
24,ŚLĄSKIE,POLA,KOBIETA,68
24,ŚLĄSKIE,SYLWIA,KOBIETA,67
24,ŚLĄSKIE,DARIA,KOBIETA,64
24,ŚLĄSKIE,STEFANIA,KOBIETA,62
24,ŚLĄSKIE,IWONA,KOBIETA,60
24,ŚLĄSKIE,BOŻENA,KOBIETA,55
24,ŚLĄSKIE,LILIANA,KOBIETA,55
24,ŚLĄSKIE,NADIA,KOBIETA,52
24,ŚLĄSKIE,MILENA,KOBIETA,50
24,ŚLĄSKIE,ROZALIA,KOBIETA,49
24,ŚLĄSKIE,ANGELIKA,KOBIETA,46
24,ŚLĄSKIE,RENATA,KOBIETA,46
24,ŚLĄSKIE,WANDA,KOBIETA,46
24,ŚLĄSKIE,SABINA,KOBIETA,44
24,ŚLĄSKIE,GRAŻYNA,KOBIETA,43
24,ŚLĄSKIE,KORNELIA,KOBIETA,42
24,ŚLĄSKIE,SANDRA,KOBIETA,42
24,ŚLĄSKIE,EDYTA,KOBIETA,41
24,ŚLĄSKIE,OLGA,KOBIETA,40
24,ŚLĄSKIE,FAUSTYNA,KOBIETA,39
24,ŚLĄSKIE,NIKOLA,KOBIETA,39
24,ŚLĄSKIE,MATYLDA,KOBIETA,37
24,ŚLĄSKIE,STANISŁAWA,KOBIETA,36
24,ŚLĄSKIE,ALINA,KOBIETA,35
24,ŚLĄSKIE,MIA,KOBIETA,35
24,ŚLĄSKIE,CECYLIA,KOBIETA,34
24,ŚLĄSKIE,IGA,KOBIETA,32
24,ŚLĄSKIE,SARA,KOBIETA,32
24,ŚLĄSKIE,BLANKA,KOBIETA,31
24,ŚLĄSKIE,ANETA,KOBIETA,30
24,ŚLĄSKIE,ELIZA,KOBIETA,30
24,ŚLĄSKIE,LILIANNA,KOBIETA,29
24,ŚLĄSKIE,ADRIANNA,KOBIETA,26
24,ŚLĄSKIE,KAJA,KOBIETA,26
24,ŚLĄSKIE,MARLENA,KOBIETA,26
24,ŚLĄSKIE,MARIOLA,KOBIETA,25
24,ŚLĄSKIE,MARZENA,KOBIETA,25
24,ŚLĄSKIE,GAJA,KOBIETA,24
24,ŚLĄSKIE,NINA,KOBIETA,24
24,ŚLĄSKIE,AURELIA,KOBIETA,23
24,ŚLĄSKIE,DAGMARA,KOBIETA,23
24,ŚLĄSKIE,LUCYNA,KOBIETA,23
24,ŚLĄSKIE,JUDYTA,KOBIETA,22
24,ŚLĄSKIE,WIOLETTA,KOBIETA,21
24,ŚLĄSKIE,BERNADETA,KOBIETA,20
24,ŚLĄSKIE,JÓZEFA,KOBIETA,20
24,ŚLĄSKIE,FRANCISZKA,KOBIETA,19
24,ŚLĄSKIE,MALWINA,KOBIETA,19
24,ŚLĄSKIE,ANITA,KOBIETA,18
24,ŚLĄSKIE,KARINA,KOBIETA,18
24,ŚLĄSKIE,ROKSANA,KOBIETA,18
24,ŚLĄSKIE,ŻANETA,KOBIETA,18
24,ŚLĄSKIE,ILONA,KOBIETA,17
24,ŚLĄSKIE,ESTERA,KOBIETA,15
24,ŚLĄSKIE,OTYLIA,KOBIETA,15
24,ŚLĄSKIE,SONIA,KOBIETA,15
24,ŚLĄSKIE,EMMA,KOBIETA,14
24,ŚLĄSKIE,JÓZEFINA,KOBIETA,14
24,ŚLĄSKIE,NELA,KOBIETA,14
24,ŚLĄSKIE,REGINA,KOBIETA,14
24,ŚLĄSKIE,LEOKADIA,KOBIETA,13
24,ŚLĄSKIE,LUIZA,KOBIETA,13
24,ŚLĄSKIE,VICTORIA,KOBIETA,13
24,ŚLĄSKIE,BOGUMIŁA,KOBIETA,12
24,ŚLĄSKIE,BRYGIDA,KOBIETA,12
24,ŚLĄSKIE,DIANA,KOBIETA,12
24,ŚLĄSKIE,KALINA,KOBIETA,12
24,ŚLĄSKIE,MARIKA,KOBIETA,12
24,ŚLĄSKIE,APOLONIA,KOBIETA,11
24,ŚLĄSKIE,GLORIA,KOBIETA,11
24,ŚLĄSKIE,MAGDA,KOBIETA,11
24,ŚLĄSKIE,MIROSŁAWA,KOBIETA,11
24,ŚLĄSKIE,WIESŁAWA,KOBIETA,11
24,ŚLĄSKIE,FELICJA,KOBIETA,10
24,ŚLĄSKIE,HIACYNTA,KOBIETA,10
24,ŚLĄSKIE,KAZIMIERA,KOBIETA,10
24,ŚLĄSKIE,LIWIA,KOBIETA,10
24,ŚLĄSKIE,BIANKA,KOBIETA,9
24,ŚLĄSKIE,KONSTANCJA,KOBIETA,9
24,ŚLĄSKIE,OKTAWIA,KOBIETA,9
24,ŚLĄSKIE,AMANDA,KOBIETA,8
24,ŚLĄSKIE,BOGUSŁAWA,KOBIETA,8
24,ŚLĄSKIE,DANIELA,KOBIETA,8
24,ŚLĄSKIE,HENRYKA,KOBIETA,8
24,ŚLĄSKIE,OLIMPIA,KOBIETA,8
24,ŚLĄSKIE,AURORA,KOBIETA,7
24,ŚLĄSKIE,EUGENIA,KOBIETA,7
24,ŚLĄSKIE,GERTRUDA,KOBIETA,7
24,ŚLĄSKIE,HONORATA,KOBIETA,7
24,ŚLĄSKIE,IZABELLA,KOBIETA,7
24,ŚLĄSKIE,PAULA,KOBIETA,7
24,ŚLĄSKIE,SOFIA,KOBIETA,7
24,ŚLĄSKIE,VANESSA,KOBIETA,7
24,ŚLĄSKIE,WIOLETA,KOBIETA,7
24,ŚLĄSKIE,ADA,KOBIETA,6
24,ŚLĄSKIE,ADRIANA,KOBIETA,6
24,ŚLĄSKIE,ANDŻELIKA,KOBIETA,6
24,ŚLĄSKIE,BRONISŁAWA,KOBIETA,6
24,ŚLĄSKIE,CZESŁAWA,KOBIETA,6
24,ŚLĄSKIE,ELEONORA,KOBIETA,6
24,ŚLĄSKIE,JOWITA,KOBIETA,6
24,ŚLĄSKIE,LILIA,KOBIETA,6
24,ŚLĄSKIE,MELANIA,KOBIETA,6
24,ŚLĄSKIE,NATASZA,KOBIETA,6
24,ŚLĄSKIE,SAMANTA,KOBIETA,6
24,ŚLĄSKIE,STELLA,KOBIETA,6
24,ŚLĄSKIE,ALDONA,KOBIETA,5
24,ŚLĄSKIE,CELINA,KOBIETA,5
24,ŚLĄSKIE,DOBRAWA,KOBIETA,5
24,ŚLĄSKIE,ELENA,KOBIETA,5
24,ŚLĄSKIE,INGA,KOBIETA,5
24,ŚLĄSKIE,JULIANNA,KOBIETA,5
24,ŚLĄSKIE,LEA,KOBIETA,5
24,ŚLĄSKIE,NEL,KOBIETA,5
24,ŚLĄSKIE,NICOLE,KOBIETA,5
24,ŚLĄSKIE,OLIVIA,KOBIETA,5
24,ŚLĄSKIE,PELAGIA,KOBIETA,5
24,ŚLĄSKIE,WALERIA,KOBIETA,5
24,ŚLĄSKIE,ADELAJDA,KOBIETA,4
24,ŚLĄSKIE,ERYKA,KOBIETA,4
24,ŚLĄSKIE,GENOWEFA,KOBIETA,4
24,ŚLĄSKIE,IDA,KOBIETA,4
24,ŚLĄSKIE,JAGNA,KOBIETA,4
24,ŚLĄSKIE,JESSICA,KOBIETA,4
24,ŚLĄSKIE,JULITA,KOBIETA,4
24,ŚLĄSKIE,KSENIA,KOBIETA,4
24,ŚLĄSKIE,LUDMIŁA,KOBIETA,4
24,ŚLĄSKIE,MERCEDES,KOBIETA,4
24,ŚLĄSKIE,MIRIAM,KOBIETA,4
24,ŚLĄSKIE,NADZIEJA,KOBIETA,4
24,ŚLĄSKIE,NOEMI,KOBIETA,4
24,ŚLĄSKIE,RACHELA,KOBIETA,4
24,ŚLĄSKIE,TAMARA,KOBIETA,4
24,ŚLĄSKIE,VIKTORIA,KOBIETA,4
24,ŚLĄSKIE,ADELA,KOBIETA,3
24,ŚLĄSKIE,ALBINA,KOBIETA,3
24,ŚLĄSKIE,ALICE,KOBIETA,3
24,ŚLĄSKIE,AMALIA,KOBIETA,3
24,ŚLĄSKIE,ANETTA,KOBIETA,3
24,ŚLĄSKIE,BERNADETTA,KOBIETA,3
24,ŚLĄSKIE,CLAUDIA,KOBIETA,3
24,ŚLĄSKIE,DALIA,KOBIETA,3
24,ŚLĄSKIE,FILOMENA,KOBIETA,3
24,ŚLĄSKIE,HILDEGARDA,KOBIETA,3
24,ŚLĄSKIE,JAŚMINA,KOBIETA,3
24,ŚLĄSKIE,LARA,KOBIETA,3
24,ŚLĄSKIE,LARYSA,KOBIETA,3
24,ŚLĄSKIE,LONGINA,KOBIETA,3
24,ŚLĄSKIE,MALINA,KOBIETA,3
24,ŚLĄSKIE,MARCELA,KOBIETA,3
24,ŚLĄSKIE,MIRELA,KOBIETA,3
24,ŚLĄSKIE,NASTIA,KOBIETA,3
24,ŚLĄSKIE,NICOL,KOBIETA,3
24,ŚLĄSKIE,NICOLA,KOBIETA,3
24,ŚLĄSKIE,OLA,KOBIETA,3
24,ŚLĄSKIE,TOLA,KOBIETA,3
24,ŚLĄSKIE,VIOLETTA,KOBIETA,3
24,ŚLĄSKIE,WALENTYNA,KOBIETA,3
24,ŚLĄSKIE,ZOJA,KOBIETA,3
24,ŚLĄSKIE,ANGELA,KOBIETA,2
24,ŚLĄSKIE,AUGUSTYNA,KOBIETA,2
24,ŚLĄSKIE,BALBINA,KOBIETA,2
24,ŚLĄSKIE,BERENIKA,KOBIETA,2
24,ŚLĄSKIE,BOGNA,KOBIETA,2
24,ŚLĄSKIE,DELFINA,KOBIETA,2
24,ŚLĄSKIE,DOMICELA,KOBIETA,2
24,ŚLĄSKIE,ELFRYDA,KOBIETA,2
24,ŚLĄSKIE,ELISABETH,KOBIETA,2
24,ŚLĄSKIE,ELZA,KOBIETA,2
24,ŚLĄSKIE,FLORENTYNA,KOBIETA,2
24,ŚLĄSKIE,GALIA,KOBIETA,2
24,ŚLĄSKIE,HERMINA,KOBIETA,2
24,ŚLĄSKIE,JASMIN,KOBIETA,2
24,ŚLĄSKIE,KSYMENA,KOBIETA,2
24,ŚLĄSKIE,LEONA,KOBIETA,2
24,ŚLĄSKIE,LILA,KOBIETA,2
24,ŚLĄSKIE,LUCJA,KOBIETA,2
24,ŚLĄSKIE,MAJKA,KOBIETA,2
24,ŚLĄSKIE,MARCJANNA,KOBIETA,2
24,ŚLĄSKIE,MIECZYSŁAWA,KOBIETA,2
24,ŚLĄSKIE,OTOLIA,KOBIETA,2
24,ŚLĄSKIE,ROMA,KOBIETA,2
24,ŚLĄSKIE,ROSE,KOBIETA,2
24,ŚLĄSKIE,SALOMEA,KOBIETA,2
24,ŚLĄSKIE,SAMIRA,KOBIETA,2
24,ŚLĄSKIE,SELENA,KOBIETA,2
24,ŚLĄSKIE,VALENTINA,KOBIETA,2
24,ŚLĄSKIE,WANESA,KOBIETA,2
24,ŚLĄSKIE,WIRGINIA,KOBIETA,2
24,ŚLĄSKIE,WŁADYSŁAWA,KOBIETA,2
24,ŚLĄSKIE,ZARA,KOBIETA,2
24,ŚLĄSKIE,ZDZISŁAWA,KOBIETA,2
26,ŚWIĘTOKRZYSKIE,MARIA,KOBIETA,190
26,ŚWIĘTOKRZYSKIE,ANNA,KOBIETA,154
26,ŚWIĘTOKRZYSKIE,ZOFIA,KOBIETA,71
26,ŚWIĘTOKRZYSKIE,JULIA,KOBIETA,52
26,ŚWIĘTOKRZYSKIE,MAGDALENA,KOBIETA,50
26,ŚWIĘTOKRZYSKIE,ALEKSANDRA,KOBIETA,43
26,ŚWIĘTOKRZYSKIE,EWA,KOBIETA,43
26,ŚWIĘTOKRZYSKIE,KATARZYNA,KOBIETA,40
26,ŚWIĘTOKRZYSKIE,LAURA,KOBIETA,38
26,ŚWIĘTOKRZYSKIE,ALICJA,KOBIETA,36
26,ŚWIĘTOKRZYSKIE,OLIWIA,KOBIETA,35
26,ŚWIĘTOKRZYSKIE,WERONIKA,KOBIETA,34
26,ŚWIĘTOKRZYSKIE,HELENA,KOBIETA,32
26,ŚWIĘTOKRZYSKIE,WIKTORIA,KOBIETA,31
26,ŚWIĘTOKRZYSKIE,LENA,KOBIETA,28
26,ŚWIĘTOKRZYSKIE,AGNIESZKA,KOBIETA,26
26,ŚWIĘTOKRZYSKIE,HANNA,KOBIETA,26
26,ŚWIĘTOKRZYSKIE,KAROLINA,KOBIETA,25
26,ŚWIĘTOKRZYSKIE,BARBARA,KOBIETA,23
26,ŚWIĘTOKRZYSKIE,KLARA,KOBIETA,23
26,ŚWIĘTOKRZYSKIE,ŁUCJA,KOBIETA,23
26,ŚWIĘTOKRZYSKIE,ANTONINA,KOBIETA,22
26,ŚWIĘTOKRZYSKIE,NATALIA,KOBIETA,22
26,ŚWIĘTOKRZYSKIE,ZUZANNA,KOBIETA,22
26,ŚWIĘTOKRZYSKIE,AMELIA,KOBIETA,20
26,ŚWIĘTOKRZYSKIE,MAJA,KOBIETA,20
26,ŚWIĘTOKRZYSKIE,MARTA,KOBIETA,20
26,ŚWIĘTOKRZYSKIE,NADIA,KOBIETA,20
26,ŚWIĘTOKRZYSKIE,MAŁGORZATA,KOBIETA,19
26,ŚWIĘTOKRZYSKIE,JOANNA,KOBIETA,18
26,ŚWIĘTOKRZYSKIE,PAULINA,KOBIETA,18
26,ŚWIĘTOKRZYSKIE,EMILIA,KOBIETA,17
26,ŚWIĘTOKRZYSKIE,IZABELA,KOBIETA,17
26,ŚWIĘTOKRZYSKIE,KINGA,KOBIETA,17
26,ŚWIĘTOKRZYSKIE,ELŻBIETA,KOBIETA,16
26,ŚWIĘTOKRZYSKIE,MARIANNA,KOBIETA,16
26,ŚWIĘTOKRZYSKIE,MICHALINA,KOBIETA,16
26,ŚWIĘTOKRZYSKIE,MONIKA,KOBIETA,16
26,ŚWIĘTOKRZYSKIE,TERESA,KOBIETA,16
26,ŚWIĘTOKRZYSKIE,AGATA,KOBIETA,15
26,ŚWIĘTOKRZYSKIE,ANASTAZJA,KOBIETA,15
26,ŚWIĘTOKRZYSKIE,GABRIELA,KOBIETA,15
26,ŚWIĘTOKRZYSKIE,RÓŻA,KOBIETA,15
26,ŚWIĘTOKRZYSKIE,ANIELA,KOBIETA,14
26,ŚWIĘTOKRZYSKIE,BLANKA,KOBIETA,13
26,ŚWIĘTOKRZYSKIE,IGA,KOBIETA,13
26,ŚWIĘTOKRZYSKIE,JADWIGA,KOBIETA,13
26,ŚWIĘTOKRZYSKIE,KLAUDIA,KOBIETA,13
26,ŚWIĘTOKRZYSKIE,SYLWIA,KOBIETA,12
26,ŚWIĘTOKRZYSKIE,NIKOLA,KOBIETA,11
26,ŚWIĘTOKRZYSKIE,DOROTA,KOBIETA,10
26,ŚWIĘTOKRZYSKIE,JUSTYNA,KOBIETA,10
26,ŚWIĘTOKRZYSKIE,MARCELINA,KOBIETA,10
26,ŚWIĘTOKRZYSKIE,RITA,KOBIETA,10
26,ŚWIĘTOKRZYSKIE,DANUTA,KOBIETA,9
26,ŚWIĘTOKRZYSKIE,FAUSTYNA,KOBIETA,9
26,ŚWIĘTOKRZYSKIE,IRENA,KOBIETA,9
26,ŚWIĘTOKRZYSKIE,JANINA,KOBIETA,9
26,ŚWIĘTOKRZYSKIE,EWELINA,KOBIETA,8
26,ŚWIĘTOKRZYSKIE,HALINA,KOBIETA,8
26,ŚWIĘTOKRZYSKIE,JAGODA,KOBIETA,8
26,ŚWIĘTOKRZYSKIE,PATRYCJA,KOBIETA,8
26,ŚWIĘTOKRZYSKIE,DOMINIKA,KOBIETA,7
26,ŚWIĘTOKRZYSKIE,ELIZA,KOBIETA,7
26,ŚWIĘTOKRZYSKIE,IWONA,KOBIETA,7
26,ŚWIĘTOKRZYSKIE,KAMILA,KOBIETA,7
26,ŚWIĘTOKRZYSKIE,KORNELIA,KOBIETA,7
26,ŚWIĘTOKRZYSKIE,KRYSTYNA,KOBIETA,7
26,ŚWIĘTOKRZYSKIE,LILIANA,KOBIETA,7
26,ŚWIĘTOKRZYSKIE,OLGA,KOBIETA,7
26,ŚWIĘTOKRZYSKIE,ROZALIA,KOBIETA,7
26,ŚWIĘTOKRZYSKIE,BEATA,KOBIETA,6
26,ŚWIĘTOKRZYSKIE,EDYTA,KOBIETA,6
26,ŚWIĘTOKRZYSKIE,ILONA,KOBIETA,6
26,ŚWIĘTOKRZYSKIE,KAJA,KOBIETA,6
26,ŚWIĘTOKRZYSKIE,KALINA,KOBIETA,6
26,ŚWIĘTOKRZYSKIE,SARA,KOBIETA,6
26,ŚWIĘTOKRZYSKIE,DARIA,KOBIETA,5
26,ŚWIĘTOKRZYSKIE,GRAŻYNA,KOBIETA,5
26,ŚWIĘTOKRZYSKIE,JOLANTA,KOBIETA,5
26,ŚWIĘTOKRZYSKIE,POLA,KOBIETA,5
26,ŚWIĘTOKRZYSKIE,URSZULA,KOBIETA,5
26,ŚWIĘTOKRZYSKIE,WANDA,KOBIETA,5
26,ŚWIĘTOKRZYSKIE,ANGELIKA,KOBIETA,4
26,ŚWIĘTOKRZYSKIE,ANITA,KOBIETA,4
26,ŚWIĘTOKRZYSKIE,AURELIA,KOBIETA,4
26,ŚWIĘTOKRZYSKIE,BOŻENA,KOBIETA,4
26,ŚWIĘTOKRZYSKIE,ROKSANA,KOBIETA,4
26,ŚWIĘTOKRZYSKIE,STANISŁAWA,KOBIETA,4
26,ŚWIĘTOKRZYSKIE,STEFANIA,KOBIETA,4
26,ŚWIĘTOKRZYSKIE,ADELA,KOBIETA,3
26,ŚWIĘTOKRZYSKIE,AMANDA,KOBIETA,3
26,ŚWIĘTOKRZYSKIE,BERNADETTA,KOBIETA,3
26,ŚWIĘTOKRZYSKIE,DANIELA,KOBIETA,3
26,ŚWIĘTOKRZYSKIE,GAJA,KOBIETA,3
26,ŚWIĘTOKRZYSKIE,LIDIA,KOBIETA,3
26,ŚWIĘTOKRZYSKIE,MARIKA,KOBIETA,3
26,ŚWIĘTOKRZYSKIE,MARTYNA,KOBIETA,3
26,ŚWIĘTOKRZYSKIE,MATYLDA,KOBIETA,3
26,ŚWIĘTOKRZYSKIE,RENATA,KOBIETA,3
26,ŚWIĘTOKRZYSKIE,SANDRA,KOBIETA,3
26,ŚWIĘTOKRZYSKIE,ADRIANNA,KOBIETA,2
26,ŚWIĘTOKRZYSKIE,ANETA,KOBIETA,2
26,ŚWIĘTOKRZYSKIE,CECYLIA,KOBIETA,2
26,ŚWIĘTOKRZYSKIE,DIANA,KOBIETA,2
26,ŚWIĘTOKRZYSKIE,ELENA,KOBIETA,2
26,ŚWIĘTOKRZYSKIE,FELICJA,KOBIETA,2
26,ŚWIĘTOKRZYSKIE,HONORATA,KOBIETA,2
26,ŚWIĘTOKRZYSKIE,INGA,KOBIETA,2
26,ŚWIĘTOKRZYSKIE,JAGNA,KOBIETA,2
26,ŚWIĘTOKRZYSKIE,JÓZEFA,KOBIETA,2
26,ŚWIĘTOKRZYSKIE,JULIANNA,KOBIETA,2
26,ŚWIĘTOKRZYSKIE,JULITA,KOBIETA,2
26,ŚWIĘTOKRZYSKIE,KARINA,KOBIETA,2
26,ŚWIĘTOKRZYSKIE,KAZIMIERA,KOBIETA,2
26,ŚWIĘTOKRZYSKIE,LEOKADIA,KOBIETA,2
26,ŚWIĘTOKRZYSKIE,LILIA,KOBIETA,2
26,ŚWIĘTOKRZYSKIE,LILIANNA,KOBIETA,2
26,ŚWIĘTOKRZYSKIE,LIWIA,KOBIETA,2
26,ŚWIĘTOKRZYSKIE,MAGDA,KOBIETA,2
26,ŚWIĘTOKRZYSKIE,MARIOLA,KOBIETA,2
26,ŚWIĘTOKRZYSKIE,MARLENA,KOBIETA,2
26,ŚWIĘTOKRZYSKIE,MARZENA,KOBIETA,2
26,ŚWIĘTOKRZYSKIE,MELANIA,KOBIETA,2
26,ŚWIĘTOKRZYSKIE,MIA,KOBIETA,2
26,ŚWIĘTOKRZYSKIE,MIROSŁAWA,KOBIETA,2
26,ŚWIĘTOKRZYSKIE,NELA,KOBIETA,2
26,ŚWIĘTOKRZYSKIE,NINA,KOBIETA,2
26,ŚWIĘTOKRZYSKIE,PAULA,KOBIETA,2
26,ŚWIĘTOKRZYSKIE,SABINA,KOBIETA,2
26,ŚWIĘTOKRZYSKIE,WIESŁAWA,KOBIETA,2
26,ŚWIĘTOKRZYSKIE,ZENONA,KOBIETA,2
28,WARMIŃSKO-MAZURSKIE,MARIA,KOBIETA,85
28,WARMIŃSKO-MAZURSKIE,ANNA,KOBIETA,75
28,WARMIŃSKO-MAZURSKIE,ZOFIA,KOBIETA,29
28,WARMIŃSKO-MAZURSKIE,BARBARA,KOBIETA,28
28,WARMIŃSKO-MAZURSKIE,JULIA,KOBIETA,22
28,WARMIŃSKO-MAZURSKIE,MAGDALENA,KOBIETA,20
28,WARMIŃSKO-MAZURSKIE,ALICJA,KOBIETA,19
28,WARMIŃSKO-MAZURSKIE,ELŻBIETA,KOBIETA,19
28,WARMIŃSKO-MAZURSKIE,HELENA,KOBIETA,19
28,WARMIŃSKO-MAZURSKIE,JOANNA,KOBIETA,18
28,WARMIŃSKO-MAZURSKIE,ŁUCJA,KOBIETA,18
28,WARMIŃSKO-MAZURSKIE,ZUZANNA,KOBIETA,18
28,WARMIŃSKO-MAZURSKIE,AGNIESZKA,KOBIETA,15
28,WARMIŃSKO-MAZURSKIE,EWA,KOBIETA,15
28,WARMIŃSKO-MAZURSKIE,KATARZYNA,KOBIETA,15
28,WARMIŃSKO-MAZURSKIE,WIKTORIA,KOBIETA,15
28,WARMIŃSKO-MAZURSKIE,ALEKSANDRA,KOBIETA,14
28,WARMIŃSKO-MAZURSKIE,MAŁGORZATA,KOBIETA,14
28,WARMIŃSKO-MAZURSKIE,MARTA,KOBIETA,14
28,WARMIŃSKO-MAZURSKIE,WERONIKA,KOBIETA,14
28,WARMIŃSKO-MAZURSKIE,DANUTA,KOBIETA,13
28,WARMIŃSKO-MAZURSKIE,KRYSTYNA,KOBIETA,13
28,WARMIŃSKO-MAZURSKIE,HANNA,KOBIETA,12
28,WARMIŃSKO-MAZURSKIE,NATALIA,KOBIETA,12
28,WARMIŃSKO-MAZURSKIE,LAURA,KOBIETA,11
28,WARMIŃSKO-MAZURSKIE,MAJA,KOBIETA,11
28,WARMIŃSKO-MAZURSKIE,MARIANNA,KOBIETA,11
28,WARMIŃSKO-MAZURSKIE,NADIA,KOBIETA,11
28,WARMIŃSKO-MAZURSKIE,RÓŻA,KOBIETA,11
28,WARMIŃSKO-MAZURSKIE,JADWIGA,KOBIETA,10
28,WARMIŃSKO-MAZURSKIE,MARCELINA,KOBIETA,10
28,WARMIŃSKO-MAZURSKIE,TERESA,KOBIETA,10
28,WARMIŃSKO-MAZURSKIE,AMELIA,KOBIETA,9
28,WARMIŃSKO-MAZURSKIE,ANTONINA,KOBIETA,9
28,WARMIŃSKO-MAZURSKIE,IRENA,KOBIETA,9
28,WARMIŃSKO-MAZURSKIE,JANINA,KOBIETA,9
28,WARMIŃSKO-MAZURSKIE,KAROLINA,KOBIETA,9
28,WARMIŃSKO-MAZURSKIE,MONIKA,KOBIETA,9
28,WARMIŃSKO-MAZURSKIE,ANASTAZJA,KOBIETA,8
28,WARMIŃSKO-MAZURSKIE,EMILIA,KOBIETA,8
28,WARMIŃSKO-MAZURSKIE,GABRIELA,KOBIETA,8
28,WARMIŃSKO-MAZURSKIE,HALINA,KOBIETA,8
28,WARMIŃSKO-MAZURSKIE,MICHALINA,KOBIETA,8
28,WARMIŃSKO-MAZURSKIE,KINGA,KOBIETA,7
28,WARMIŃSKO-MAZURSKIE,KORNELIA,KOBIETA,7
28,WARMIŃSKO-MAZURSKIE,LENA,KOBIETA,7
28,WARMIŃSKO-MAZURSKIE,MARTYNA,KOBIETA,7
28,WARMIŃSKO-MAZURSKIE,OLIWIA,KOBIETA,7
28,WARMIŃSKO-MAZURSKIE,URSZULA,KOBIETA,7
28,WARMIŃSKO-MAZURSKIE,GRAŻYNA,KOBIETA,6
28,WARMIŃSKO-MAZURSKIE,JAGODA,KOBIETA,6
28,WARMIŃSKO-MAZURSKIE,JUSTYNA,KOBIETA,6
28,WARMIŃSKO-MAZURSKIE,LILIANA,KOBIETA,6
28,WARMIŃSKO-MAZURSKIE,PAULINA,KOBIETA,6
28,WARMIŃSKO-MAZURSKIE,POLA,KOBIETA,6
28,WARMIŃSKO-MAZURSKIE,AGATA,KOBIETA,5
28,WARMIŃSKO-MAZURSKIE,ANETA,KOBIETA,5
28,WARMIŃSKO-MAZURSKIE,BLANKA,KOBIETA,5
28,WARMIŃSKO-MAZURSKIE,DARIA,KOBIETA,5
28,WARMIŃSKO-MAZURSKIE,DOMINIKA,KOBIETA,5
28,WARMIŃSKO-MAZURSKIE,DOROTA,KOBIETA,5
28,WARMIŃSKO-MAZURSKIE,IZABELA,KOBIETA,5
28,WARMIŃSKO-MAZURSKIE,SYLWIA,KOBIETA,5
28,WARMIŃSKO-MAZURSKIE,AURELIA,KOBIETA,4
28,WARMIŃSKO-MAZURSKIE,BOGUMIŁA,KOBIETA,4
28,WARMIŃSKO-MAZURSKIE,BOŻENA,KOBIETA,4
28,WARMIŃSKO-MAZURSKIE,DANIELA,KOBIETA,4
28,WARMIŃSKO-MAZURSKIE,JÓZEFINA,KOBIETA,4
28,WARMIŃSKO-MAZURSKIE,KLARA,KOBIETA,4
28,WARMIŃSKO-MAZURSKIE,LEA,KOBIETA,4
28,WARMIŃSKO-MAZURSKIE,LIDIA,KOBIETA,4
28,WARMIŃSKO-MAZURSKIE,NIKOLA,KOBIETA,4
28,WARMIŃSKO-MAZURSKIE,PATRYCJA,KOBIETA,4
28,WARMIŃSKO-MAZURSKIE,ALINA,KOBIETA,3
28,WARMIŃSKO-MAZURSKIE,ELIZA,KOBIETA,3
28,WARMIŃSKO-MAZURSKIE,ESTERA,KOBIETA,3
28,WARMIŃSKO-MAZURSKIE,IWONA,KOBIETA,3
28,WARMIŃSKO-MAZURSKIE,JOLANTA,KOBIETA,3
28,WARMIŃSKO-MAZURSKIE,KLAUDIA,KOBIETA,3
28,WARMIŃSKO-MAZURSKIE,LIWIA,KOBIETA,3
28,WARMIŃSKO-MAZURSKIE,MILENA,KOBIETA,3
28,WARMIŃSKO-MAZURSKIE,NINA,KOBIETA,3
28,WARMIŃSKO-MAZURSKIE,SABINA,KOBIETA,3
28,WARMIŃSKO-MAZURSKIE,STANISŁAWA,KOBIETA,3
28,WARMIŃSKO-MAZURSKIE,WANDA,KOBIETA,3
28,WARMIŃSKO-MAZURSKIE,ANIELA,KOBIETA,2
28,WARMIŃSKO-MAZURSKIE,BEATA,KOBIETA,2
28,WARMIŃSKO-MAZURSKIE,DIANA,KOBIETA,2
28,WARMIŃSKO-MAZURSKIE,EWELINA,KOBIETA,2
28,WARMIŃSKO-MAZURSKIE,FAUSTYNA,KOBIETA,2
28,WARMIŃSKO-MAZURSKIE,HIACYNTA,KOBIETA,2
28,WARMIŃSKO-MAZURSKIE,IDA,KOBIETA,2
28,WARMIŃSKO-MAZURSKIE,INES,KOBIETA,2
28,WARMIŃSKO-MAZURSKIE,JÓZEFA,KOBIETA,2
28,WARMIŃSKO-MAZURSKIE,KONSTANCJA,KOBIETA,2
28,WARMIŃSKO-MAZURSKIE,LILIANNA,KOBIETA,2
28,WARMIŃSKO-MAZURSKIE,MARIOLA,KOBIETA,2
28,WARMIŃSKO-MAZURSKIE,MARZENA,KOBIETA,2
28,WARMIŃSKO-MAZURSKIE,MELANIA,KOBIETA,2
28,WARMIŃSKO-MAZURSKIE,MIA,KOBIETA,2
28,WARMIŃSKO-MAZURSKIE,OLGA,KOBIETA,2
28,WARMIŃSKO-MAZURSKIE,RENATA,KOBIETA,2
28,WARMIŃSKO-MAZURSKIE,ROKSANA,KOBIETA,2
28,WARMIŃSKO-MAZURSKIE,ROZALIA,KOBIETA,2
28,WARMIŃSKO-MAZURSKIE,SAMANTA,KOBIETA,2
28,WARMIŃSKO-MAZURSKIE,SARA,KOBIETA,2
28,WARMIŃSKO-MAZURSKIE,STEFANIA,KOBIETA,2
28,WARMIŃSKO-MAZURSKIE,WALERIA,KOBIETA,2
28,WARMIŃSKO-MAZURSKIE,WIESŁAWA,KOBIETA,2
28,WARMIŃSKO-MAZURSKIE,WŁADYSŁAWA,KOBIETA,2
28,WARMIŃSKO-MAZURSKIE,ZOJA,KOBIETA,2
30,WIELKOPOLSKIE,MARIA,KOBIETA,740
30,WIELKOPOLSKIE,ANNA,KOBIETA,411
30,WIELKOPOLSKIE,ZOFIA,KOBIETA,155
30,WIELKOPOLSKIE,MAGDALENA,KOBIETA,111
30,WIELKOPOLSKIE,HELENA,KOBIETA,109
30,WIELKOPOLSKIE,KATARZYNA,KOBIETA,98
30,WIELKOPOLSKIE,WIKTORIA,KOBIETA,90
30,WIELKOPOLSKIE,EWA,KOBIETA,88
30,WIELKOPOLSKIE,BARBARA,KOBIETA,84
30,WIELKOPOLSKIE,ALEKSANDRA,KOBIETA,78
30,WIELKOPOLSKIE,JULIA,KOBIETA,75
30,WIELKOPOLSKIE,TERESA,KOBIETA,74
30,WIELKOPOLSKIE,JOANNA,KOBIETA,72
30,WIELKOPOLSKIE,ŁUCJA,KOBIETA,69
30,WIELKOPOLSKIE,MAŁGORZATA,KOBIETA,69
30,WIELKOPOLSKIE,WERONIKA,KOBIETA,62
30,WIELKOPOLSKIE,ELŻBIETA,KOBIETA,61
30,WIELKOPOLSKIE,ALICJA,KOBIETA,60
30,WIELKOPOLSKIE,KRYSTYNA,KOBIETA,60
30,WIELKOPOLSKIE,JADWIGA,KOBIETA,59
30,WIELKOPOLSKIE,MARTA,KOBIETA,58
30,WIELKOPOLSKIE,MARIANNA,KOBIETA,57
30,WIELKOPOLSKIE,NATALIA,KOBIETA,52
30,WIELKOPOLSKIE,LAURA,KOBIETA,50
30,WIELKOPOLSKIE,ANTONINA,KOBIETA,49
30,WIELKOPOLSKIE,AGNIESZKA,KOBIETA,47
30,WIELKOPOLSKIE,ANASTAZJA,KOBIETA,47
30,WIELKOPOLSKIE,MONIKA,KOBIETA,40
30,WIELKOPOLSKIE,ZUZANNA,KOBIETA,40
30,WIELKOPOLSKIE,AGATA,KOBIETA,38
30,WIELKOPOLSKIE,URSZULA,KOBIETA,38
30,WIELKOPOLSKIE,KLARA,KOBIETA,37
30,WIELKOPOLSKIE,MAJA,KOBIETA,36
30,WIELKOPOLSKIE,EMILIA,KOBIETA,35
30,WIELKOPOLSKIE,HANNA,KOBIETA,35
30,WIELKOPOLSKIE,KAROLINA,KOBIETA,35
30,WIELKOPOLSKIE,DOROTA,KOBIETA,33
30,WIELKOPOLSKIE,RITA,KOBIETA,32
30,WIELKOPOLSKIE,IRENA,KOBIETA,31
30,WIELKOPOLSKIE,JANINA,KOBIETA,31
30,WIELKOPOLSKIE,OLIWIA,KOBIETA,29
30,WIELKOPOLSKIE,GABRIELA,KOBIETA,28
30,WIELKOPOLSKIE,IZABELA,KOBIETA,27
30,WIELKOPOLSKIE,DANUTA,KOBIETA,25
30,WIELKOPOLSKIE,KINGA,KOBIETA,25
30,WIELKOPOLSKIE,LENA,KOBIETA,25
30,WIELKOPOLSKIE,STEFANIA,KOBIETA,25
30,WIELKOPOLSKIE,WANDA,KOBIETA,24
30,WIELKOPOLSKIE,DOMINIKA,KOBIETA,22
30,WIELKOPOLSKIE,ANIELA,KOBIETA,21
30,WIELKOPOLSKIE,JOLANTA,KOBIETA,21
30,WIELKOPOLSKIE,PAULINA,KOBIETA,21
30,WIELKOPOLSKIE,AMELIA,KOBIETA,20
30,WIELKOPOLSKIE,FAUSTYNA,KOBIETA,20
30,WIELKOPOLSKIE,MICHALINA,KOBIETA,20
30,WIELKOPOLSKIE,BEATA,KOBIETA,19
30,WIELKOPOLSKIE,CECYLIA,KOBIETA,19
30,WIELKOPOLSKIE,HALINA,KOBIETA,19
30,WIELKOPOLSKIE,IGA,KOBIETA,18
30,WIELKOPOLSKIE,RÓŻA,KOBIETA,18
30,WIELKOPOLSKIE,MARCELINA,KOBIETA,17
30,WIELKOPOLSKIE,MARTYNA,KOBIETA,17
30,WIELKOPOLSKIE,PATRYCJA,KOBIETA,17
30,WIELKOPOLSKIE,POLA,KOBIETA,17
30,WIELKOPOLSKIE,LIDIA,KOBIETA,16
30,WIELKOPOLSKIE,GRAŻYNA,KOBIETA,15
30,WIELKOPOLSKIE,JUSTYNA,KOBIETA,15
30,WIELKOPOLSKIE,LILIANA,KOBIETA,15
30,WIELKOPOLSKIE,ADRIANNA,KOBIETA,14
30,WIELKOPOLSKIE,KORNELIA,KOBIETA,14
30,WIELKOPOLSKIE,STANISŁAWA,KOBIETA,14
30,WIELKOPOLSKIE,BLANKA,KOBIETA,13
30,WIELKOPOLSKIE,ROZALIA,KOBIETA,13
30,WIELKOPOLSKIE,AURELIA,KOBIETA,12
30,WIELKOPOLSKIE,ELIZA,KOBIETA,12
30,WIELKOPOLSKIE,MIA,KOBIETA,12
30,WIELKOPOLSKIE,SYLWIA,KOBIETA,12
30,WIELKOPOLSKIE,DARIA,KOBIETA,11
30,WIELKOPOLSKIE,IWONA,KOBIETA,11
30,WIELKOPOLSKIE,JAGODA,KOBIETA,11
30,WIELKOPOLSKIE,NADIA,KOBIETA,11
30,WIELKOPOLSKIE,SABINA,KOBIETA,11
30,WIELKOPOLSKIE,BOGUMIŁA,KOBIETA,10
30,WIELKOPOLSKIE,JÓZEFINA,KOBIETA,9
30,WIELKOPOLSKIE,KONSTANCJA,KOBIETA,9
30,WIELKOPOLSKIE,MARZENA,KOBIETA,9
30,WIELKOPOLSKIE,BOŻENA,KOBIETA,8
30,WIELKOPOLSKIE,FRANCISZKA,KOBIETA,8
30,WIELKOPOLSKIE,JULIANNA,KOBIETA,8
30,WIELKOPOLSKIE,KAMILA,KOBIETA,8
30,WIELKOPOLSKIE,KLAUDIA,KOBIETA,8
30,WIELKOPOLSKIE,MATYLDA,KOBIETA,8
30,WIELKOPOLSKIE,NIKOLA,KOBIETA,8
30,WIELKOPOLSKIE,REGINA,KOBIETA,8
30,WIELKOPOLSKIE,VICTORIA,KOBIETA,8
30,WIELKOPOLSKIE,ALINA,KOBIETA,7
30,WIELKOPOLSKIE,DIANA,KOBIETA,7
30,WIELKOPOLSKIE,EDYTA,KOBIETA,7
30,WIELKOPOLSKIE,GAJA,KOBIETA,7
30,WIELKOPOLSKIE,MILENA,KOBIETA,7
30,WIELKOPOLSKIE,NINA,KOBIETA,7
30,WIELKOPOLSKIE,OLGA,KOBIETA,7
30,WIELKOPOLSKIE,DANIELA,KOBIETA,6
30,WIELKOPOLSKIE,EWELINA,KOBIETA,6
30,WIELKOPOLSKIE,JÓZEFA,KOBIETA,6
30,WIELKOPOLSKIE,LUCYNA,KOBIETA,6
30,WIELKOPOLSKIE,MIROSŁAWA,KOBIETA,6
30,WIELKOPOLSKIE,SARA,KOBIETA,6
30,WIELKOPOLSKIE,ANGELIKA,KOBIETA,5
30,WIELKOPOLSKIE,DAGMARA,KOBIETA,5
30,WIELKOPOLSKIE,IZABELLA,KOBIETA,5
30,WIELKOPOLSKIE,LEOKADIA,KOBIETA,5
30,WIELKOPOLSKIE,LIWIA,KOBIETA,5
30,WIELKOPOLSKIE,MALWINA,KOBIETA,5
30,WIELKOPOLSKIE,RENATA,KOBIETA,5
30,WIELKOPOLSKIE,VIOLETTA,KOBIETA,5
30,WIELKOPOLSKIE,WIOLETTA,KOBIETA,5
30,WIELKOPOLSKIE,ANETA,KOBIETA,4
30,WIELKOPOLSKIE,ANITA,KOBIETA,4
30,WIELKOPOLSKIE,AURORA,KOBIETA,4
30,WIELKOPOLSKIE,BERNADETA,KOBIETA,4
30,WIELKOPOLSKIE,BERNADETTA,KOBIETA,4
30,WIELKOPOLSKIE,BIANKA,KOBIETA,4
30,WIELKOPOLSKIE,CZESŁAWA,KOBIETA,4
30,WIELKOPOLSKIE,ELENA,KOBIETA,4
30,WIELKOPOLSKIE,FELICJA,KOBIETA,4
30,WIELKOPOLSKIE,HENRYKA,KOBIETA,4
30,WIELKOPOLSKIE,IDA,KOBIETA,4
30,WIELKOPOLSKIE,KAJA,KOBIETA,4
30,WIELKOPOLSKIE,KALINA,KOBIETA,4
30,WIELKOPOLSKIE,KAZIMIERA,KOBIETA,4
30,WIELKOPOLSKIE,LILIANNA,KOBIETA,4
30,WIELKOPOLSKIE,MARLENA,KOBIETA,4
30,WIELKOPOLSKIE,NELA,KOBIETA,4
30,WIELKOPOLSKIE,SANDRA,KOBIETA,4
30,WIELKOPOLSKIE,ALEXANDRA,KOBIETA,3
30,WIELKOPOLSKIE,BOGUSŁAWA,KOBIETA,3
30,WIELKOPOLSKIE,BRONISŁAWA,KOBIETA,3
30,WIELKOPOLSKIE,GENOWEFA,KOBIETA,3
30,WIELKOPOLSKIE,HONORATA,KOBIETA,3
30,WIELKOPOLSKIE,ILONA,KOBIETA,3
30,WIELKOPOLSKIE,INKA,KOBIETA,3
30,WIELKOPOLSKIE,KARINA,KOBIETA,3
30,WIELKOPOLSKIE,LEA,KOBIETA,3
30,WIELKOPOLSKIE,LUIZA,KOBIETA,3
30,WIELKOPOLSKIE,MARIKA,KOBIETA,3
30,WIELKOPOLSKIE,NADZIEJA,KOBIETA,3
30,WIELKOPOLSKIE,OLIVIA,KOBIETA,3
30,WIELKOPOLSKIE,PAULA,KOBIETA,3
30,WIELKOPOLSKIE,SOPHIE,KOBIETA,3
30,WIELKOPOLSKIE,WALENTYNA,KOBIETA,3
30,WIELKOPOLSKIE,ZDZISŁAWA,KOBIETA,3
30,WIELKOPOLSKIE,ADELAJDA,KOBIETA,2
30,WIELKOPOLSKIE,APOLONIA,KOBIETA,2
30,WIELKOPOLSKIE,ARLETA,KOBIETA,2
30,WIELKOPOLSKIE,BOGNA,KOBIETA,2
30,WIELKOPOLSKIE,CARMEN,KOBIETA,2
30,WIELKOPOLSKIE,CELINA,KOBIETA,2
30,WIELKOPOLSKIE,EMMA,KOBIETA,2
30,WIELKOPOLSKIE,ESTERA,KOBIETA,2
30,WIELKOPOLSKIE,FLORENTYNA,KOBIETA,2
30,WIELKOPOLSKIE,INEZ,KOBIETA,2
30,WIELKOPOLSKIE,JASMINE,KOBIETA,2
30,WIELKOPOLSKIE,JUDYTA,KOBIETA,2
30,WIELKOPOLSKIE,KAMILLA,KOBIETA,2
30,WIELKOPOLSKIE,LILLA,KOBIETA,2
30,WIELKOPOLSKIE,LUKRECJA,KOBIETA,2
30,WIELKOPOLSKIE,MAGDA,KOBIETA,2
30,WIELKOPOLSKIE,MARIE,KOBIETA,2
30,WIELKOPOLSKIE,MARIOLA,KOBIETA,2
30,WIELKOPOLSKIE,MIECZYSŁAWA,KOBIETA,2
30,WIELKOPOLSKIE,MIRIAM,KOBIETA,2
30,WIELKOPOLSKIE,NATASZA,KOBIETA,2
30,WIELKOPOLSKIE,NEL,KOBIETA,2
30,WIELKOPOLSKIE,NICOLA,KOBIETA,2
30,WIELKOPOLSKIE,NOEMI,KOBIETA,2
30,WIELKOPOLSKIE,PELAGIA,KOBIETA,2
30,WIELKOPOLSKIE,ROSALIA,KOBIETA,2
30,WIELKOPOLSKIE,SOFIA,KOBIETA,2
30,WIELKOPOLSKIE,STELLA,KOBIETA,2
30,WIELKOPOLSKIE,WALERIA,KOBIETA,2
30,WIELKOPOLSKIE,WIESŁAWA,KOBIETA,2
30,WIELKOPOLSKIE,WŁADYSŁAWA,KOBIETA,2
30,WIELKOPOLSKIE,ŻANETA,KOBIETA,2
32,ZACHODNIOPOMORSKIE,MARIA,KOBIETA,182
32,ZACHODNIOPOMORSKIE,ANNA,KOBIETA,169
32,ZACHODNIOPOMORSKIE,ZOFIA,KOBIETA,72
32,ZACHODNIOPOMORSKIE,JULIA,KOBIETA,60
32,ZACHODNIOPOMORSKIE,EWA,KOBIETA,56
32,ZACHODNIOPOMORSKIE,WIKTORIA,KOBIETA,54
32,ZACHODNIOPOMORSKIE,HELENA,KOBIETA,49
32,ZACHODNIOPOMORSKIE,MAGDALENA,KOBIETA,48
32,ZACHODNIOPOMORSKIE,ALICJA,KOBIETA,47
32,ZACHODNIOPOMORSKIE,BARBARA,KOBIETA,45
32,ZACHODNIOPOMORSKIE,MAŁGORZATA,KOBIETA,45
32,ZACHODNIOPOMORSKIE,KATARZYNA,KOBIETA,44
32,ZACHODNIOPOMORSKIE,ELŻBIETA,KOBIETA,41
32,ZACHODNIOPOMORSKIE,ALEKSANDRA,KOBIETA,40
32,ZACHODNIOPOMORSKIE,TERESA,KOBIETA,35
32,ZACHODNIOPOMORSKIE,WERONIKA,KOBIETA,35
32,ZACHODNIOPOMORSKIE,AGNIESZKA,KOBIETA,34
32,ZACHODNIOPOMORSKIE,ANASTAZJA,KOBIETA,33
32,ZACHODNIOPOMORSKIE,EMILIA,KOBIETA,32
32,ZACHODNIOPOMORSKIE,LAURA,KOBIETA,32
32,ZACHODNIOPOMORSKIE,NATALIA,KOBIETA,32
32,ZACHODNIOPOMORSKIE,JADWIGA,KOBIETA,31
32,ZACHODNIOPOMORSKIE,ZUZANNA,KOBIETA,30
32,ZACHODNIOPOMORSKIE,JANINA,KOBIETA,29
32,ZACHODNIOPOMORSKIE,KRYSTYNA,KOBIETA,29
32,ZACHODNIOPOMORSKIE,KAROLINA,KOBIETA,27
32,ZACHODNIOPOMORSKIE,MARTA,KOBIETA,27
32,ZACHODNIOPOMORSKIE,HANNA,KOBIETA,26
32,ZACHODNIOPOMORSKIE,IRENA,KOBIETA,24
32,ZACHODNIOPOMORSKIE,IZABELA,KOBIETA,24
32,ZACHODNIOPOMORSKIE,MICHALINA,KOBIETA,23
32,ZACHODNIOPOMORSKIE,ANTONINA,KOBIETA,22
32,ZACHODNIOPOMORSKIE,DANUTA,KOBIETA,22
32,ZACHODNIOPOMORSKIE,LENA,KOBIETA,22
32,ZACHODNIOPOMORSKIE,ŁUCJA,KOBIETA,22
32,ZACHODNIOPOMORSKIE,MAJA,KOBIETA,22
32,ZACHODNIOPOMORSKIE,MARIANNA,KOBIETA,22
32,ZACHODNIOPOMORSKIE,GABRIELA,KOBIETA,21
32,ZACHODNIOPOMORSKIE,OLIWIA,KOBIETA,21
32,ZACHODNIOPOMORSKIE,KLARA,KOBIETA,20
32,ZACHODNIOPOMORSKIE,DOMINIKA,KOBIETA,19
32,ZACHODNIOPOMORSKIE,BEATA,KOBIETA,18
32,ZACHODNIOPOMORSKIE,JOANNA,KOBIETA,18
32,ZACHODNIOPOMORSKIE,PAULINA,KOBIETA,18
32,ZACHODNIOPOMORSKIE,WANDA,KOBIETA,18
32,ZACHODNIOPOMORSKIE,AMELIA,KOBIETA,17
32,ZACHODNIOPOMORSKIE,DOROTA,KOBIETA,17
32,ZACHODNIOPOMORSKIE,HALINA,KOBIETA,17
32,ZACHODNIOPOMORSKIE,URSZULA,KOBIETA,16
32,ZACHODNIOPOMORSKIE,AGATA,KOBIETA,15
32,ZACHODNIOPOMORSKIE,BOŻENA,KOBIETA,15
32,ZACHODNIOPOMORSKIE,KLAUDIA,KOBIETA,15
32,ZACHODNIOPOMORSKIE,KORNELIA,KOBIETA,14
32,ZACHODNIOPOMORSKIE,POLA,KOBIETA,14
32,ZACHODNIOPOMORSKIE,JOLANTA,KOBIETA,13
32,ZACHODNIOPOMORSKIE,KAMILA,KOBIETA,13
32,ZACHODNIOPOMORSKIE,MONIKA,KOBIETA,13
32,ZACHODNIOPOMORSKIE,ANIELA,KOBIETA,12
32,ZACHODNIOPOMORSKIE,IWONA,KOBIETA,12
32,ZACHODNIOPOMORSKIE,KINGA,KOBIETA,12
32,ZACHODNIOPOMORSKIE,MARCELINA,KOBIETA,12
32,ZACHODNIOPOMORSKIE,PATRYCJA,KOBIETA,12
32,ZACHODNIOPOMORSKIE,STEFANIA,KOBIETA,12
32,ZACHODNIOPOMORSKIE,DARIA,KOBIETA,11
32,ZACHODNIOPOMORSKIE,ROZALIA,KOBIETA,11
32,ZACHODNIOPOMORSKIE,SARA,KOBIETA,11
32,ZACHODNIOPOMORSKIE,STANISŁAWA,KOBIETA,11
32,ZACHODNIOPOMORSKIE,BLANKA,KOBIETA,10
32,ZACHODNIOPOMORSKIE,GRAŻYNA,KOBIETA,10
32,ZACHODNIOPOMORSKIE,KAJA,KOBIETA,10
32,ZACHODNIOPOMORSKIE,LIDIA,KOBIETA,10
32,ZACHODNIOPOMORSKIE,MILENA,KOBIETA,10
32,ZACHODNIOPOMORSKIE,ELIZA,KOBIETA,9
32,ZACHODNIOPOMORSKIE,JAGODA,KOBIETA,9
32,ZACHODNIOPOMORSKIE,MIA,KOBIETA,8
32,ZACHODNIOPOMORSKIE,NADIA,KOBIETA,8
32,ZACHODNIOPOMORSKIE,OLGA,KOBIETA,8
32,ZACHODNIOPOMORSKIE,RÓŻA,KOBIETA,8
32,ZACHODNIOPOMORSKIE,DIANA,KOBIETA,7
32,ZACHODNIOPOMORSKIE,GAJA,KOBIETA,7
32,ZACHODNIOPOMORSKIE,JÓZEFINA,KOBIETA,7
32,ZACHODNIOPOMORSKIE,LILIANA,KOBIETA,7
32,ZACHODNIOPOMORSKIE,SANDRA,KOBIETA,7
32,ZACHODNIOPOMORSKIE,AURELIA,KOBIETA,6
32,ZACHODNIOPOMORSKIE,FRANCISZKA,KOBIETA,6
32,ZACHODNIOPOMORSKIE,IGA,KOBIETA,6
32,ZACHODNIOPOMORSKIE,JUSTYNA,KOBIETA,6
32,ZACHODNIOPOMORSKIE,LEOKADIA,KOBIETA,6
32,ZACHODNIOPOMORSKIE,MALWINA,KOBIETA,6
32,ZACHODNIOPOMORSKIE,MARTYNA,KOBIETA,6
32,ZACHODNIOPOMORSKIE,MARZENA,KOBIETA,6
32,ZACHODNIOPOMORSKIE,NIKOLA,KOBIETA,6
32,ZACHODNIOPOMORSKIE,RENATA,KOBIETA,6
32,ZACHODNIOPOMORSKIE,WIOLETTA,KOBIETA,6
32,ZACHODNIOPOMORSKIE,BOGUMIŁA,KOBIETA,5
32,ZACHODNIOPOMORSKIE,EWELINA,KOBIETA,5
32,ZACHODNIOPOMORSKIE,LILIANNA,KOBIETA,5
32,ZACHODNIOPOMORSKIE,MARLENA,KOBIETA,5
32,ZACHODNIOPOMORSKIE,MATYLDA,KOBIETA,5
32,ZACHODNIOPOMORSKIE,SABINA,KOBIETA,5
32,ZACHODNIOPOMORSKIE,ALDONA,KOBIETA,4
32,ZACHODNIOPOMORSKIE,ANETA,KOBIETA,4
32,ZACHODNIOPOMORSKIE,ANGELIKA,KOBIETA,4
32,ZACHODNIOPOMORSKIE,BIANKA,KOBIETA,4
32,ZACHODNIOPOMORSKIE,BOGUSŁAWA,KOBIETA,4
32,ZACHODNIOPOMORSKIE,CECYLIA,KOBIETA,4
32,ZACHODNIOPOMORSKIE,DAGMARA,KOBIETA,4
32,ZACHODNIOPOMORSKIE,ELENA,KOBIETA,4
32,ZACHODNIOPOMORSKIE,FAUSTYNA,KOBIETA,4
32,ZACHODNIOPOMORSKIE,IDA,KOBIETA,4
32,ZACHODNIOPOMORSKIE,LIWIA,KOBIETA,4
32,ZACHODNIOPOMORSKIE,LUIZA,KOBIETA,4
32,ZACHODNIOPOMORSKIE,MELANIA,KOBIETA,4
32,ZACHODNIOPOMORSKIE,NADZIEJA,KOBIETA,4
32,ZACHODNIOPOMORSKIE,NEL,KOBIETA,4
32,ZACHODNIOPOMORSKIE,RITA,KOBIETA,4
32,ZACHODNIOPOMORSKIE,SYLWIA,KOBIETA,4
32,ZACHODNIOPOMORSKIE,WIESŁAWA,KOBIETA,4
32,ZACHODNIOPOMORSKIE,ADRIANA,KOBIETA,3
32,ZACHODNIOPOMORSKIE,ADRIANNA,KOBIETA,3
32,ZACHODNIOPOMORSKIE,EDYTA,KOBIETA,3
32,ZACHODNIOPOMORSKIE,EMMA,KOBIETA,3
32,ZACHODNIOPOMORSKIE,JULITA,KOBIETA,3
32,ZACHODNIOPOMORSKIE,KARINA,KOBIETA,3
32,ZACHODNIOPOMORSKIE,KAZIMIERA,KOBIETA,3
32,ZACHODNIOPOMORSKIE,KONSTANCJA,KOBIETA,3
32,ZACHODNIOPOMORSKIE,LUCYNA,KOBIETA,3
32,ZACHODNIOPOMORSKIE,MARIE,KOBIETA,3
32,ZACHODNIOPOMORSKIE,REGINA,KOBIETA,3
32,ZACHODNIOPOMORSKIE,ROKSANA,KOBIETA,3
32,ZACHODNIOPOMORSKIE,WALERIA,KOBIETA,3
32,ZACHODNIOPOMORSKIE,ADELA,KOBIETA,2
32,ZACHODNIOPOMORSKIE,ALINA,KOBIETA,2
32,ZACHODNIOPOMORSKIE,ANA,KOBIETA,2
32,ZACHODNIOPOMORSKIE,ANDŻELIKA,KOBIETA,2
32,ZACHODNIOPOMORSKIE,ELEONORA,KOBIETA,2
32,ZACHODNIOPOMORSKIE,FELICJA,KOBIETA,2
32,ZACHODNIOPOMORSKIE,HENRYKA,KOBIETA,2
32,ZACHODNIOPOMORSKIE,IZABELLA,KOBIETA,2
32,ZACHODNIOPOMORSKIE,JÓZEFA,KOBIETA,2
32,ZACHODNIOPOMORSKIE,KALINA,KOBIETA,2
32,ZACHODNIOPOMORSKIE,LEA,KOBIETA,2
32,ZACHODNIOPOMORSKIE,LILA,KOBIETA,2
32,ZACHODNIOPOMORSKIE,LILI,KOBIETA,2
32,ZACHODNIOPOMORSKIE,LUNA,KOBIETA,2
32,ZACHODNIOPOMORSKIE,MAGDA,KOBIETA,2
32,ZACHODNIOPOMORSKIE,MALINA,KOBIETA,2
32,ZACHODNIOPOMORSKIE,MARIKA,KOBIETA,2
32,ZACHODNIOPOMORSKIE,MARIOLA,KOBIETA,2
32,ZACHODNIOPOMORSKIE,MELISA,KOBIETA,2
32,ZACHODNIOPOMORSKIE,NELA,KOBIETA,2
32,ZACHODNIOPOMORSKIE,NINA,KOBIETA,2
32,ZACHODNIOPOMORSKIE,OKTAWIA,KOBIETA,2
32,ZACHODNIOPOMORSKIE,PAULA,KOBIETA,2
32,ZACHODNIOPOMORSKIE,VANESSA,KOBIETA,2
32,ZACHODNIOPOMORSKIE,VICTORIA,KOBIETA,2
32,ZACHODNIOPOMORSKIE,WANESA,KOBIETA,2
32,ZACHODNIOPOMORSKIE,WŁADYSŁAWA,KOBIETA,2
